Customer_ID,Email,Phone,First_Name,Last_Name,Address_ID
1,prigard0@zimbio.com,422-171-5558,Penny,Rigard,1
2,cbiesinger1@bloglovin.com,896-892-7173,Christina,Biesinger,2
3,bzecchetti2@elegantthemes.com,956-542-6700,Beilul,Zecchetti,3
4,bneesham3@samsung.com,730-791-8562,Burg,Neesham,4
5,ksemarke4@godaddy.com,762-342-0940,Karalynn,Semarke,5
6,mbraidwood5@diigo.com,516-578-9267,Margaretta,Braidwood,6
7,ghuntall6@who.int,126-255-3252,Gordan,Huntall,7
8,beschalette7@businessinsider.com,260-285-5084,Bron,Eschalette,8
9,mshervington8@newsvine.com,357-789-1937,Meridel,Shervington,9
10,mpregal9@csmonitor.com,529-161-1824,Marjorie,Pregal,10
11,hcaleya@meetup.com,456-785-1124,Harley,Caley,11
12,apappsb@salon.com,424-617-6729,Abigael,Papps,12
13,badamowiczc@state.gov,324-149-5707,Barron,Adamowicz,13
14,ggatissd@posterous.com,607-485-6497,Guss,Gatiss,14
15,wbembridgee@state.gov,390-691-1378,Wynnie,Bembridge,15
16,cpresnailf@canalblog.com,199-343-9716,Camellia,Presnail,16
17,snoeng@economist.com,539-715-5487,Stanleigh,Noen,17
18,jweinh@pcworld.com,415-257-2138,Juliana,Wein,18
19,acurdsi@photobucket.com,976-661-8196,Allsun,Curds,19
20,ttedstonej@webeden.co.uk,198-573-9658,Torin,Tedstone,20
21,mluttgerk@mtv.com,689-917-9779,Margaret,Luttger,21
22,dwalderal@istockphoto.com,774-239-7009,Dore,Waldera,22
23,kfarlandm@bloglovin.com,759-352-5644,Kirsten,Farland,23
24,aperln@gnu.org,960-784-6576,Audre,Perl,24
25,hfruino@hhs.gov,809-497-3521,Hubey,Fruin,25
26,ifiddemanp@free.fr,763-915-9841,Ilka,Fiddeman,26
27,irembrandtq@omniture.com,231-610-2767,Ignazio,Rembrandt,27
28,laspallr@blogspot.com,281-656-1313,Leon,Aspall,28
29,fmccuskers@prnewswire.com,717-795-3880,Faustina,McCusker,29
30,sgrisewoodt@xinhuanet.com,176-435-2798,Simonette,Grisewood,30
31,hknevitu@utexas.edu,349-300-7240,Howie,Knevit,31
32,fthomassonv@yahoo.co.jp,681-288-9532,Florian,Thomasson,32
33,gpapezw@intel.com,470-518-4274,Goddart,Papez,33
34,cismirniogloux@163.com,801-207-8457,Cobb,Ismirnioglou,34
35,rroggery@prweb.com,284-908-7726,Rolando,Rogger,35
36,mildenz@facebook.com,144-694-1688,Marietta,Ilden,36
37,rfuster10@scribd.com,422-365-6387,Ricky,Fuster,37
38,bfranceschino11@shareasale.com,295-610-5355,Barthel,Franceschino,38
39,btidbold12@ft.com,246-526-0867,Buddie,Tidbold,39
40,aescolme13@techcrunch.com,176-256-7097,Ajay,Escolme,40
41,zhallows14@pinterest.com,203-164-7993,Zacharias,Hallows,41
42,ccastagno15@admin.ch,630-884-1546,Curr,Castagno,42
43,tzavittieri16@opera.com,850-782-0299,Tommy,Zavittieri,43
44,rbyllam17@ifeng.com,794-603-4114,Rivy,Byllam,44
45,cyegorkin18@mapy.cz,829-238-0859,Christie,Yegorkin,45
46,akleingrub19@ucsd.edu,460-475-2081,Anette,Kleingrub,46
47,cbarthelet1a@tmall.com,795-359-5254,Charis,Barthelet,47
48,pblackburn1b@smh.com.au,689-345-4216,Paige,Blackburn,48
49,dstoggell1c@sohu.com,369-264-0139,Danna,Stoggell,49
50,dlantoph1d@admin.ch,891-353-6854,Diahann,Lantoph,50
51,dhounson1e@wikispaces.com,169-114-8058,Dian,Hounson,51
52,mburwin1f@csmonitor.com,616-404-6845,Marysa,BURWIN,52
53,pliversage1g@washington.edu,142-993-7188,Pembroke,Liversage,53
54,rfindlow1h@cocolog-nifty.com,830-246-8785,Robinia,Findlow,54
55,dmould1i@buzzfeed.com,200-951-7986,Desi,Mould,55
56,npeacey1j@github.io,602-403-8942,Nissie,Peacey,56
57,jciccotti1k@stanford.edu,396-126-8691,Jackquelin,Ciccotti,57
58,ahawkyens1l@1und1.de,226-620-7252,Ara,Hawkyens,58
59,tjessen1m@networksolutions.com,863-710-5709,Timoteo,Jessen,59
60,pdunleavy1n@ameblo.jp,592-240-7924,Pavel,Dunleavy,60
61,sfrostdick1o@yahoo.com,283-871-5823,Suzanna,Frostdick,61
62,bmullender1p@printfriendly.com,917-290-1519,Benedetta,Mullender,62
63,gfarquarson1q@behance.net,182-201-5648,Giorgia,Farquarson,63
64,zhobell1r@photobucket.com,628-821-1407,Zebulon,Hobell,64
65,asimeoni1s@meetup.com,732-177-8113,Ambur,Simeoni,65
66,jsames1t@sourceforge.net,231-471-4954,Jordanna,Sames,66
67,emcdade1u@bbb.org,188-449-2222,Early,McDade,67
68,cgronav1v@sakura.ne.jp,152-974-6471,Caralie,Gronav,68
69,ccroizier1w@hugedomains.com,947-864-5653,Chaddy,Croizier,69
70,kjosebury1x@t-online.de,313-775-7409,Kincaid,Josebury,70
71,tskeates1y@sphinn.com,660-927-8670,Toma,Skeates,71
72,aainslie1z@unc.edu,973-113-4072,Amandi,Ainslie,72
73,ckonert20@so-net.ne.jp,425-968-9993,Cathrine,Konert,73
74,tpadwick21@virginia.edu,511-315-7932,Timothea,Padwick,74
75,cdefrancisci22@admin.ch,788-733-9364,Chiarra,De Francisci,75
76,hbrusin23@census.gov,865-147-7538,Hakeem,Brusin,76
77,rbentsen24@printfriendly.com,678-927-1419,Renell,Bentsen,77
78,kprisk25@marriott.com,970-988-3993,Karia,Prisk,78
79,eboobier26@java.com,612-202-9216,Evangelina,Boobier,79
80,jmaudsley27@forbes.com,401-725-6220,Jobina,Maudsley,80
81,smendez28@360.cn,722-981-4972,Susana,Mendez,81
82,rbroomhead29@51.la,164-557-2153,Rosabel,Broomhead,82
83,wfossett2a@springer.com,389-367-1402,Wain,Fossett,83
84,mjurasz2b@quantcast.com,511-438-7145,Meryl,Jurasz,84
85,smcneachtain2c@ow.ly,481-235-6362,Sheffield,McNeachtain,85
86,mralton2d@economist.com,149-799-1603,Melisse,Ralton,86
87,mmcwhorter2e@shinystat.com,320-789-6899,Morry,McWhorter,87
88,tjanko2f@npr.org,313-302-9450,Thomasine,Janko,88
89,lcornthwaite2g@free.fr,713-494-8273,Lovell,Cornthwaite,89
90,echevolleau2h@drupal.org,699-187-2621,Evelyn,Chevolleau,90
91,imoston2i@state.tx.us,766-671-4310,Isidor,Moston,91
92,cfrench2j@xing.com,379-971-1642,Calli,French,92
93,mswindells2k@google.com.au,890-374-1259,Marianna,Swindells,93
94,pdrummond2l@goo.gl,644-207-7745,Patten,Drummond,94
95,mchattaway2m@desdev.cn,596-617-0479,Morissa,Chattaway,95
96,bcorhard2n@merriam-webster.com,770-303-7798,Beth,Corhard,96
97,sreadshaw2o@live.com,452-135-7408,Sander,Readshaw,97
98,echallener2p@vistaprint.com,117-522-4971,Ephrayim,Challener,98
99,cscoggans2q@barnesandnoble.com,878-479-0247,Culley,Scoggans,99
100,dcrankshaw2r@adobe.com,336-720-1093,Dallas,Crankshaw,100
101,aclee2s@mail.ru,224-923-4757,Aigneis,Clee,101
102,kerrigo2t@theguardian.com,930-822-2269,Kerrie,Errigo,102
103,jshearn2u@upenn.edu,490-774-6293,Janel,Shearn,103
104,kbeldham2v@bravesites.com,266-518-6087,Kati,Beldham,104
105,rdog2w@msu.edu,856-373-2627,Rurik,Dog,105
106,tspivey2x@apache.org,141-463-1542,Tricia,Spivey,106
107,pbedbury2y@themeforest.net,780-495-5873,Phylis,Bedbury,107
108,jmarages2z@census.gov,951-662-9450,Janaya,Marages,108
109,ldenson30@aboutads.info,955-596-1400,Loralie,Denson,109
110,jlabbez31@privacy.gov.au,696-651-5665,Jocelin,Labbez,110
111,eplenty32@ameblo.jp,934-541-7555,Erasmus,Plenty,111
112,dclendening33@oaic.gov.au,534-344-6446,Devland,Clendening,112
113,khews34@shinystat.com,162-397-2177,Kellen,Hews,113
114,gbowman35@nyu.edu,616-285-5115,Granny,Bowman,114
115,credish36@nasa.gov,511-415-6111,Courtney,Redish,115
116,sramey37@newsvine.com,142-424-6399,Storm,Ramey,116
117,kdain38@squarespace.com,143-147-1282,Keri,Dain,117
118,jheggie39@yandex.ru,388-795-5163,Jodie,Heggie,118
119,rdohmer3a@mac.com,185-363-2438,Roseanna,Dohmer,119
120,rwaple3b@cbc.ca,363-312-1721,Rory,Waple,120
121,,,Gussie,Pauer,121
122,adransfield3d@yellowpages.com,364-367-8196,Angel,Dransfield,122
123,vshevlin3e@washington.edu,986-445-6864,Verile,Shevlin,123
124,asnowball3f@state.gov,622-584-6591,Amber,Snowball,124
125,dkarlolczak3g@hatena.ne.jp,244-478-6866,Durand,Karlolczak,125
126,jblackney3h@netscape.com,595-640-5336,Julius,Blackney,126
127,vannand3i@google.com.hk,781-912-4664,Vikki,Annand,127
128,eridgers3j@flickr.com,884-409-8196,Eddie,Ridgers,128
129,fciciura3k@e-recht24.de,576-421-3350,Freida,Ciciura,129
130,zfenn3l@bandcamp.com,534-270-1531,Zena,Fenn,130
131,bbeart3m@smh.com.au,665-204-1666,Bone,Beart,131
132,ctully3n@reuters.com,428-940-9731,Carl,Tully,132
133,abeakes3o@ning.com,414-124-2595,Alexandra,Beakes,133
134,cklimuk3p@dropbox.com,339-517-3465,Cesaro,Klimuk,134
135,abonavia3q@earthlink.net,488-577-5921,Ann,Bonavia,135
136,vvaleri3r@admin.ch,487-440-7399,Vannie,Valeri,136
137,jlindhe3s@sun.com,225-387-8358,Jarad,Lindhe,137
138,kivancevic3t@mapy.cz,214-131-1071,Kaiser,Ivancevic,138
139,didell3u@hostgator.com,672-499-6676,Derry,Idell,139
140,cmulcahy3v@wisc.edu,375-795-5084,Catriona,Mulcahy,140
141,vkirgan3w@globo.com,364-167-4032,Vladimir,Kirgan,141
142,rstockall3x@barnesandnoble.com,358-920-4807,Rosco,Stockall,142
143,onother3y@youtu.be,307-849-3349,Obidiah,Nother,143
144,ljerdein3z@slashdot.org,378-175-0403,Lorinda,Jerdein,144
145,hrawet40@prlog.org,222-257-9861,Howie,Rawet,145
146,tthomsson41@hibu.com,632-415-7840,Tripp,Thomsson,146
147,tcluckie42@nasa.gov,823-685-1230,Tremain,Cluckie,147
148,dewens43@sina.com.cn,394-325-7282,Dud,Ewens,148
149,mdenizet44@youku.com,551-813-6327,Marji,Denizet,149
150,spiesing45@artisteer.com,994-703-7064,Sukey,Piesing,150
151,mkopps46@biblegateway.com,842-472-5348,Merna,Kopps,151
152,dbaldack47@google.ca,843-492-3654,Devondra,Baldack,152
153,kreeders48@jalbum.net,962-805-0282,Katharyn,Reeders,153
154,fdik49@people.com.cn,350-104-5069,Fin,Dik,154
155,dseabright4a@columbia.edu,592-390-8462,Doyle,Seabright,155
156,kpaffitt4b@bluehost.com,494-386-5381,Krystyna,Paffitt,156
157,jcormode4c@state.tx.us,712-275-3864,Juliet,Cormode,157
158,hthripp4d@nba.com,471-725-8640,Homer,Thripp,158
159,egamell4e@lulu.com,510-415-0154,Eward,Gamell,159
160,jpieter4f@geocities.com,933-314-0700,Jehu,Pieter,160
161,tmccowen4g@amazon.co.jp,472-351-7273,Tabbitha,McCowen,161
162,jfitzgilbert4h@engadget.com,975-478-0086,Julie,FitzGilbert,162
163,bkilban4i@princeton.edu,720-538-3961,Beverlee,Kilban,163
164,lboot4j@umich.edu,559-546-7197,Lyman,Boot,164
165,msquibe4k@vkontakte.ru,815-986-7852,Mireille,Squibe,165
166,kduce4l@fema.gov,395-724-1452,Kendall,Duce,166
167,tshingfield4m@state.tx.us,196-216-2578,Thor,Shingfield,167
168,mblight4n@paginegialle.it,796-657-1075,Marcellina,Blight,168
169,fconwell4o@paypal.com,690-361-0375,Felicia,Conwell,169
170,snealey4p@pcworld.com,408-387-1536,Saul,Nealey,170
171,adicty4q@mysql.com,374-223-8847,Ashla,Dicty,171
172,rhyrons4r@a8.net,234-800-3701,Reeba,Hyrons,172
173,tstanman4s@topsy.com,497-167-7676,Tudor,Stanman,173
174,ependlebery4t@indiatimes.com,618-996-0806,Estelle,Pendlebery,174
175,rletten4u@biblegateway.com,468-295-6671,Rolfe,Letten,175
176,bhillam4v@twitter.com,267-219-2789,Biddie,Hillam,176
177,crissen4w@squidoo.com,353-766-3858,Chaunce,Rissen,177
178,rgirault4x@gizmodo.com,893-408-8186,Robyn,Girault,178
179,vlemerchant4y@dailymotion.com,494-724-2388,Verney,Le Merchant,179
180,mmaharey4z@hexun.com,677-241-7028,Mitzi,Maharey,180
181,rtombs50@sciencedirect.com,690-317-0287,Rory,Tombs,181
182,gphant51@nsw.gov.au,281-441-2696,Gerhard,Phant,182
183,dogorman52@sphinn.com,968-600-9173,Darelle,O'Gorman,183
184,mcapoun53@hhs.gov,875-503-3459,Merridie,Capoun,184
185,,,Shepherd,Carlick,185
186,rbabb55@bigcartel.com,507-267-6272,Renae,Babb,186
187,nholehouse56@g.co,750-791-3720,Nap,Holehouse,187
188,fkirrens57@netvibes.com,760-829-9640,Fidel,Kirrens,188
189,jhannigan58@china.com.cn,775-286-9772,Jerry,Hannigan,189
190,stracey59@goo.gl,643-805-4986,Sydney,Tracey,190
191,sdulake5a@nbcnews.com,122-435-7685,Sherye,Dulake,191
192,ldibdin5b@clickbank.net,323-823-7899,Lindsay,Dibdin,192
193,tbocken5c@ucla.edu,352-341-5006,Tadeo,Bocken,193
194,fcluney5d@springer.com,843-146-2044,Fara,Cluney,194
195,cmidgley5e@moonfruit.com,728-251-0589,Clemmy,Midgley,195
196,cswayne5f@elpais.com,406-396-2929,Christen,Swayne,196
197,mchaim5g@nyu.edu,229-580-6083,Marina,Chaim,197
198,fgoor5h@sakura.ne.jp,628-813-2868,Fleming,Goor,198
199,stasker5i@aboutads.info,469-261-5585,Shara,Tasker,199
200,sceney5j@photobucket.com,202-487-9476,Staci,Ceney,200
201,kperllman5k@tripadvisor.com,315-744-1405,Karly,Perllman,201
202,nmetrick5l@washington.edu,617-573-8756,Nolly,Metrick,202
203,atennick5m@mashable.com,139-954-3515,Amaleta,Tennick,203
204,asouthall5n@de.vu,337-811-8758,Austen,Southall,204
205,hglassman5o@barnesandnoble.com,554-821-6692,Henriette,Glassman,205
206,pdionsetto5p@msu.edu,275-367-3437,Pietra,Dionsetto,206
207,drobard5q@so-net.ne.jp,576-310-4488,Diego,Robard,207
208,kmackomb5r@meetup.com,238-199-0517,Ketti,MacKomb,208
209,hcicchillo5s@deliciousdays.com,978-873-7239,Hersh,Cicchillo,209
210,tmccarrick5t@java.com,674-191-8212,Tedra,McCarrick,210
211,modam5u@ed.gov,432-137-7873,Myrna,Odam,211
212,abreche5v@nba.com,858-913-2959,Averil,Breche,212
213,jgorgl5w@hibu.com,420-249-5757,Javier,Gorgl,213
214,klimon5x@vinaora.com,377-419-7638,Kania,Limon,214
215,aboothby5y@4shared.com,880-521-4229,Arny,Boothby,215
216,smckerley5z@sitemeter.com,530-252-5143,Sisely,McKerley,216
217,wcorder60@cargocollective.com,858-818-4756,Whitney,Corder,217
218,clunt61@ebay.co.uk,126-820-0048,Carolyne,Lunt,218
219,acranny62@github.io,611-243-7515,Alyse,Cranny,219
220,mshugg63@yahoo.com,726-353-9254,Marika,Shugg,220
221,pjiru64@paypal.com,520-428-3555,Philip,Jiru,221
222,jstelfox65@comcast.net,157-891-2737,Janot,Stelfox,222
223,bserraillier66@zimbio.com,757-210-4641,Babbie,Serraillier,223
224,lpreston67@barnesandnoble.com,352-229-0616,Lurline,Preston,224
225,mgrinyakin68@privacy.gov.au,857-167-1367,Marcelia,Grinyakin,225
226,cgathercoal69@wired.com,109-728-0673,Carmelina,Gathercoal,226
227,bmacculloch6a@dropbox.com,237-400-6507,Benn,MacCulloch,227
228,kdo6b@yahoo.com,230-724-3345,Kizzie,Do,228
229,cnappin6c@digg.com,343-575-2614,Casar,Nappin,229
230,mbrandenburg6d@marketwatch.com,406-304-6424,Melly,Brandenburg,230
231,emagnus6e@xinhuanet.com,649-113-1120,Errol,Magnus,231
232,afrotton6f@gravatar.com,488-483-8335,Aleta,Frotton,232
233,owhitefoot6g@ycombinator.com,569-953-0151,Onfre,Whitefoot,233
234,teldon6h@drupal.org,954-853-2798,Trent,Eldon,234
235,jfalls6i@omniture.com,999-559-8542,James,Falls,235
236,eoxberry6j@blogs.com,958-280-7137,Ely,Oxberry,236
237,mcowdry6k@elegantthemes.com,920-967-4343,Micky,Cowdry,237
238,mfranciskiewicz6l@so-net.ne.jp,576-941-5727,Margo,Franciskiewicz,238
239,sescritt6m@howstuffworks.com,402-316-4203,Saudra,Escritt,239
240,gsteanyng6n@histats.com,880-153-0095,Garnette,Steanyng,240
241,jkemster6o@irs.gov,929-149-7272,Janis,Kemster,241
242,bbaelde6p@intel.com,675-652-2825,Bonny,Baelde,242
243,nscawton6q@stumbleupon.com,871-610-8302,Natividad,Scawton,243
244,cmidgely6r@jiathis.com,224-637-9866,Cord,Midgely,244
245,pferronier6s@huffingtonpost.com,646-591-9413,Pate,Ferronier,245
246,sspurdens6t@technorati.com,534-637-7454,Sidney,Spurdens,246
247,wchasney6u@themeforest.net,661-906-7656,Wandie,Chasney,247
248,cmacclenan6v@pcworld.com,964-320-9979,Claude,MacClenan,248
249,ksottell6w@gravatar.com,317-981-6937,Keith,Sottell,249
250,tkinde6x@fastcompany.com,802-954-7964,Tomlin,Kinde,250
251,cvalentelli6y@phpbb.com,873-324-6965,Charmain,Valentelli,251
252,okopman6z@earthlink.net,889-899-6085,Ofelia,Kopman,252
253,dkeywood70@foxnews.com,923-808-8291,Dalli,Keywood,253
254,ibason71@unicef.org,284-442-9192,Ignacio,Bason,254
255,imasdin72@bbc.co.uk,218-723-0338,Idalia,Masdin,255
256,mverry73@umn.edu,413-150-7683,Monroe,Verry,256
257,gdjokic74@sfgate.com,204-651-5106,Gene,Djokic,257
258,alemar75@cyberchimps.com,949-417-8579,Alfredo,Lemar,258
259,gbasile76@weebly.com,199-528-0573,Gretta,Basile,259
260,hreicharz77@abc.net.au,515-299-7647,Hamid,Reicharz,260
261,mglusby78@cdbaby.com,438-405-6763,Martynne,Glusby,261
262,cozelton79@twitter.com,382-728-2293,Colver,Ozelton,262
263,afonquernie7a@google.cn,358-244-5111,Axel,Fonquernie,263
264,ggovenlock7b@unc.edu,204-703-5943,Guido,Govenlock,264
265,,,Prentiss,Tummasutti,265
266,mgogarty7d@cocolog-nifty.com,202-989-6438,Miran,Gogarty,266
267,dschollar7e@technorati.com,455-872-2018,Diena,Schollar,267
268,awillatts7f@chron.com,705-931-8975,Aubine,Willatts,268
269,eputman7g@virginia.edu,835-767-3119,Erhart,Putman,269
270,dwardell7h@bloglines.com,930-314-3944,Durante,Wardell,270
271,dcobb7i@google.ca,677-741-7088,Desmund,Cobb,271
272,smosey7j@stumbleupon.com,719-679-4875,Susanna,Mosey,272
273,mdennington7k@google.es,694-120-0366,Mitch,Dennington,273
274,etetlow7l@addtoany.com,719-198-3904,Ethyl,Tetlow,274
275,gduns7m@zimbio.com,413-983-8945,Goraud,Duns,275
276,agussin7n@pinterest.com,771-181-0451,Ade,Gussin,276
277,jbamsey7o@twitter.com,921-840-1624,Josefa,Bamsey,277
278,abernot7p@google.cn,997-977-8169,Alisha,Bernot,278
279,gstarmont7q@home.pl,262-678-9537,Garik,Starmont,279
280,kbool7r@ucoz.ru,495-155-6044,Kathrine,Bool,280
281,egetsham7s@wufoo.com,886-161-3027,Emili,Getsham,281
282,edudding7t@hubpages.com,224-528-2807,Eduard,Dudding,282
283,qfibbens7u@wp.com,399-372-5397,Quint,Fibbens,283
284,brippingall7v@nature.com,167-858-6699,Bettina,Rippingall,284
285,ccorryer7w@cargocollective.com,195-981-7395,Coraline,Corryer,285
286,areddle7x@bandcamp.com,194-194-5174,Andonis,Reddle,286
287,fsheaf7y@bigcartel.com,392-821-2096,Fara,Sheaf,287
288,wduferie7z@meetup.com,985-379-2801,Whitney,Duferie,288
289,gjindrich80@ebay.co.uk,947-484-6207,Giordano,Jindrich,289
290,mbeaman81@shutterfly.com,549-675-4473,Mavis,Beaman,290
291,cvamplers82@theatlantic.com,790-693-5530,Celinka,Vamplers,291
292,thainey83@businessinsider.com,375-245-0622,Thorin,Hainey,292
293,gmoscone84@java.com,906-554-1757,Gustave,Moscone,293
294,mleachman85@mysql.com,420-428-2340,Mauricio,Leachman,294
295,jkornalik86@wikimedia.org,775-854-8099,Jerrie,Kornalik,295
296,svoaden87@shinystat.com,368-520-2914,Siward,Voaden,296
297,mamorts88@ftc.gov,161-337-8839,Mitchel,Amorts,297
298,nritmeier89@comcast.net,239-521-4225,Nolly,Ritmeier,298
299,rblencoe8a@wordpress.com,410-190-5900,Rebbecca,Blencoe,299
300,fbastock8b@nih.gov,114-956-5270,Felicio,Bastock,300
301,tcorris8c@aol.com,816-394-6676,Trixi,Corris,301
302,hhannon8d@dmoz.org,651-911-9057,Hamilton,Hannon,302
303,rporch8e@infoseek.co.jp,799-204-2676,Reese,Porch,303
304,amccaughan8f@psu.edu,512-406-8796,Anton,McCaughan,304
305,tmcblain8g@newsvine.com,731-431-0128,Tedda,McBlain,305
306,jcrinson8h@skype.com,886-265-5592,Joelie,Crinson,306
307,kfell8i@domainmarket.com,281-887-8351,Karel,Fell,307
308,jsilson8j@reverbnation.com,838-695-9223,Joyan,Silson,308
309,mpaszek8k@bravesites.com,827-871-0121,Marinna,Paszek,309
310,kdarbey8l@marketwatch.com,953-340-0454,Kenneth,Darbey,310
311,sadshead8m@tiny.cc,498-655-3390,Salomi,Adshead,311
312,kbiggerdike8n@sourceforge.net,669-750-0391,Kliment,Biggerdike,312
313,dmorgan8o@earthlink.net,829-489-5434,Deane,Morgan,313
314,nroelofsen8p@usgs.gov,208-792-9468,Nowell,Roelofsen,314
315,ulambell8q@apache.org,943-557-1197,Ursula,Lambell,315
316,mmcquilkin8r@about.com,421-161-9935,Marje,McQuilkin,316
317,egoodbar8s@typepad.com,541-668-3809,Edgard,Goodbar,317
318,nbere8t@apache.org,683-991-8507,Nixie,Bere,318
319,mjozsika8u@skyrock.com,672-147-3046,Merralee,Jozsika,319
320,ggiannazzo8v@merriam-webster.com,823-192-0779,Ginger,Giannazzo,320
321,eblackhurst8w@cnn.com,562-254-8102,Ede,Blackhurst,321
322,jbridgewater8x@mashable.com,531-147-3956,Jemima,Bridgewater,322
323,chutchinson8y@indiatimes.com,348-250-0601,Carolynn,Hutchinson,323
324,,,Alex,Georgeot,324
325,vmyott90@ocn.ne.jp,753-296-3377,Vic,Myott,325
326,crussan91@shutterfly.com,168-633-4269,Celestyna,Russan,326
327,kbhatia92@prnewswire.com,909-919-0524,Kimmy,Bhatia,327
328,vimlin93@yelp.com,768-546-8107,Venita,Imlin,328
329,dmulles94@answers.com,400-890-9734,Daren,Mulles,329
330,jozanne95@tripadvisor.com,737-404-6972,Jillie,Ozanne,330
331,dlackie96@msu.edu,234-821-9529,Dulcia,Lackie,331
332,dswindlehurst97@unesco.org,891-522-1695,Daffy,Swindlehurst,332
333,kmarley98@sourceforge.net,520-792-2980,Karalynn,Marley,333
334,cnapper99@disqus.com,188-323-4017,Chrissie,Napper,334
335,hrumens9a@hugedomains.com,198-788-3102,Hewie,Rumens,335
336,jpykett9b@wordpress.org,246-167-5804,Julianne,Pykett,336
337,mnoriega9c@yale.edu,620-570-5418,Martita,Noriega,337
338,kmussalli9d@eepurl.com,188-885-1685,Koenraad,Mussalli,338
339,rhargie9e@tinyurl.com,310-513-7155,Roby,Hargie,339
340,caisbett9f@marketwatch.com,393-485-1927,Chas,Aisbett,340
341,jlohden9g@comcast.net,164-240-5926,Judi,Lohden,341
342,apostlewhite9h@home.pl,766-894-1029,Anita,Postlewhite,342
343,emorsom9i@accuweather.com,297-644-3634,Evanne,Morsom,343
344,gmilington9j@epa.gov,880-937-0037,Guenevere,Milington,344
345,gkraft9k@cnbc.com,663-523-2491,Godard,Kraft,345
346,sdayne9l@usa.gov,155-291-9916,Steffie,Dayne,346
347,rbeastall9m@weebly.com,961-477-5767,Renata,Beastall,347
348,dkordt9n@facebook.com,926-530-5627,Darelle,Kordt,348
349,jcatling9o@samsung.com,992-350-0857,Jany,Catling,349
350,lstarr9p@reference.com,703-188-5892,Lavena,Starr,350
351,gbenne9q@nationalgeographic.com,816-780-2570,Gale,Benne,351
352,sivashnikov9r@apple.com,969-312-1293,Salim,Ivashnikov,352
353,bdallywater9s@cocolog-nifty.com,751-506-4214,Bryan,Dallywater,353
354,afleming9t@jalbum.net,701-917-6714,Aggy,Fleming,354
355,mdurgan9u@geocities.jp,801-901-8773,Marybeth,Durgan,355
356,jbrusle9v@hubpages.com,190-517-6822,Joyan,Brusle,356
357,vpendrill9w@surveymonkey.com,276-583-7941,Veronique,Pendrill,357
358,dfroschauer9x@salon.com,948-601-6217,Darcy,Froschauer,358
359,ndymock9y@pcworld.com,748-628-0587,Norbie,Dymock,359
360,jfearey9z@foxnews.com,416-536-0445,Jasmina,Fearey,360
361,sgrousea0@google.com.au,270-884-7094,Sharyl,Grouse,361
362,mleckya1@tumblr.com,212-247-3816,Meade,Lecky,362
363,rkeymara2@oakley.com,227-632-1326,Reinald,Keymar,363
364,cdeppera3@uol.com.br,379-572-0909,Coretta,Depper,364
365,dmccaughrana4@github.com,477-519-0882,Daryn,McCaughran,365
366,rmcanultya5@umn.edu,875-285-5033,Reg,McAnulty,366
367,dspavona6@hostgator.com,236-688-8994,Dorry,Spavon,367
368,oshoebrooka7@unc.edu,672-525-8963,Octavia,Shoebrook,368
369,gcarpmilea8@deliciousdays.com,160-244-3738,Garreth,Carpmile,369
370,pdoorea9@technorati.com,519-750-6245,Palmer,Doore,370
371,ldulenaa@flavors.me,343-865-2322,Ludovika,Dulen,371
372,scorranab@umn.edu,376-518-7544,Sib,Corran,372
373,bdanzeyac@so-net.ne.jp,926-427-7531,Blaine,Danzey,373
374,wblythead@go.com,932-782-6320,Wilone,Blythe,374
375,mfolkerae@freewebs.com,684-263-0995,Morganne,Folker,375
376,lmilmoeaf@usnews.com,360-879-3445,Liz,Milmoe,376
377,lgouldebyag@about.me,637-650-3402,Lauritz,Gouldeby,377
378,jchisholmeah@latimes.com,260-400-4264,Jeffrey,Chisholme,378
379,hdavioudai@over-blog.com,292-886-3030,Horatia,Davioud,379
380,snovakaj@shop-pro.jp,565-538-4300,Syd,Novak,380
381,ameryettak@parallels.com,326-981-4663,Arther,Meryett,381
382,wrouxal@usatoday.com,593-427-5090,Winona,Roux,382
383,aveazeyam@surveymonkey.com,288-765-1006,Aloysius,Veazey,383
384,ctamlettan@hp.com,950-487-2941,Courtney,Tamlett,384
385,kmadocjonesao@linkedin.com,470-725-8704,Kylen,Madoc-Jones,385
386,valenovap@umn.edu,896-622-2850,Verile,Alenov,386
387,sbloggaq@cmu.edu,471-563-5812,Sigismond,Blogg,387
388,moscollainar@ow.ly,200-751-9691,Marsha,O'Scollain,388
389,mduggetas@nba.com,876-166-5348,Marja,Dugget,389
390,fmacnameeat@china.com.cn,805-203-3127,Frazier,MacNamee,390
391,hbarrimau@parallels.com,825-491-2622,Heidie,Barrim,391
392,egroocockav@cdc.gov,164-736-8621,Eleanore,Groocock,392
393,rstuckleyaw@github.io,248-425-6606,Regen,Stuckley,393
394,ofawlkesax@de.vu,744-411-8235,Orelie,Fawlkes,394
395,gmagoray@people.com.cn,230-267-5994,Grange,Magor,395
396,hmildenhallaz@goo.ne.jp,840-804-0852,Haley,Mildenhall,396
397,lbricknellb0@tinyurl.com,436-507-9406,Liesa,Bricknell,397
398,djavesb1@mtv.com,617-558-9368,Dottie,Javes,398
399,tmcgreilb2@cdbaby.com,386-468-7054,Tiler,McGreil,399
400,epittetb3@ezinearticles.com,769-873-0945,Elbertina,Pittet,400
401,cloadsmanb4@wunderground.com,207-160-5098,Cal,Loadsman,401
402,kbrambellb5@prnewswire.com,770-506-9719,Kev,Brambell,402
403,dfritcheb6@wordpress.org,446-320-3899,Dara,Fritche,403
404,rbruhnickeb7@sun.com,481-285-2183,Royall,Bruhnicke,404
405,gdeathb8@shop-pro.jp,377-156-5452,Gabrila,Death,405
406,gstandbrookeb9@google.cn,344-219-5607,Gail,Standbrooke,406
407,amcauliffeba@networksolutions.com,173-168-6077,Addison,McAuliffe,407
408,fartinbb@g.co,594-531-8006,Farrand,Artin,408
409,rrosebladebc@domainmarket.com,512-500-7404,Rosco,Roseblade,409
410,mbartunekbd@engadget.com,844-319-4754,Maury,Bartunek,410
411,fhamlenbe@imdb.com,986-307-5278,Fannie,Hamlen,411
412,kaskhambf@naver.com,422-595-4734,Katrinka,Askham,412
413,ehealebg@cam.ac.uk,178-273-4660,Eirena,Heale,413
414,njerromebh@sogou.com,674-929-0735,Nat,Jerrome,414
415,vcyplesbi@soundcloud.com,390-174-4730,Veronique,Cyples,415
416,tmacskeaghanbj@google.com.br,111-682-7277,Tabbie,MacSkeaghan,416
417,tduthiebk@flavors.me,854-906-4593,Tatiana,Duthie,417
418,acristoubl@1und1.de,868-242-1400,Arthur,Cristou,418
419,saubinbm@php.net,316-459-4490,Salem,Aubin,419
420,aabethellbn@unicef.org,738-340-0958,Alic,Abethell,420
421,dpellittbo@bravesites.com,592-727-1746,Diana,Pellitt,421
422,yvelezbp@google.nl,651-504-6763,Yurik,Velez,422
423,sabbotsbq@histats.com,286-460-9162,Susannah,Abbots,423
424,mjachimczakbr@google.com,532-273-1241,Minerva,Jachimczak,424
425,ysarneybs@paypal.com,416-687-6875,Yolande,Sarney,425
426,uocorrenbt@thetimes.co.uk,201-224-8888,Ulla,O'Corren,426
427,ckhristoforovbu@soup.io,498-262-1792,Calley,Khristoforov,427
428,bdobbingsbv@booking.com,190-851-4855,Blaine,Dobbings,428
429,swaggattbw@bloglovin.com,281-660-5869,Sherlocke,Waggatt,429
430,vstonnellbx@dot.gov,917-199-9306,Vida,Stonnell,430
431,mewellby@squidoo.com,577-775-4583,Min,Ewell,431
432,kdownhambz@parallels.com,535-772-8794,Kienan,Downham,432
433,maspolec0@house.gov,686-757-6477,Marys,Aspole,433
434,ncardooc1@thetimes.co.uk,903-575-0153,Nadine,Cardoo,434
435,ktiddc2@w3.org,920-241-2009,Kip,Tidd,435
436,rangerc3@slideshare.net,104-989-5126,Renado,Anger,436
437,ffriesec4@mit.edu,420-905-0515,Findlay,Friese,437
438,mdunsc5@home.pl,933-787-4758,Morry,Duns,438
439,bswync6@usnews.com,734-731-0254,Betteann,Swyn,439
440,rcuerdac7@guardian.co.uk,741-572-2195,Rhona,Cuerda,440
441,hboltonc8@pen.io,790-230-2690,Henka,Bolton,441
442,bmatheyc9@tripod.com,965-646-8749,Blaire,Mathey,442
443,djenessca@google.de,805-214-0971,Dulcy,Jeness,443
444,rkrinkcb@bbc.co.uk,395-837-6986,Reilly,Krink,444
445,vcollecottcc@spotify.com,124-235-4463,Veronika,Collecott,445
446,msonecd@elpais.com,183-344-9400,Melli,Sone,446
447,rfouldce@bbb.org,860-851-0749,Rena,Fould,447
448,ccatocf@microsoft.com,875-129-7597,Claudelle,Cato,448
449,sdorgancg@webnode.com,773-926-0658,Stacy,Dorgan,449
450,bfoloninch@shinystat.com,761-398-6816,Bran,Folonin,450
451,forringeci@phoca.cz,220-328-5919,Fanchon,Orringe,451
452,gminihancj@slideshare.net,843-173-8179,Golda,Minihan,452
453,ahumesck@simplemachines.org,915-282-0573,Ariella,Humes,453
454,mverheijdencl@hubpages.com,928-981-6712,Melesa,Verheijden,454
455,tbussonscm@discuz.net,435-235-6224,Tatum,Bussons,455
456,rlestorcn@friendfeed.com,380-987-6900,Romola,Lestor,456
457,jgoscarco@theatlantic.com,882-178-7390,Joana,Goscar,457
458,lshellumcp@goo.gl,457-690-3519,Lenard,Shellum,458
459,daluardcq@sakura.ne.jp,556-875-2456,Dwain,Aluard,459
460,ldavycr@flavors.me,396-420-1539,Lonee,Davy,460
461,nohrtcs@exblog.jp,689-914-5491,Norean,Ohrt,461
462,ggislebertct@census.gov,739-652-0091,Gerik,Gislebert,462
463,sglandcu@cocolog-nifty.com,353-836-2678,Shirline,Gland,463
464,mishamcv@mysql.com,463-744-4968,Mychal,Isham,464
465,jalmakcw@nhs.uk,170-350-5140,Jerrilee,Almak,465
466,dpardicx@blogspot.com,210-671-5343,Delila,Pardi,466
467,nskyramcy@canalblog.com,327-353-6904,Nanni,Skyram,467
468,alosanocz@sciencedaily.com,319-484-7449,Aubrey,Losano,468
469,shallgarthd0@unc.edu,967-440-4836,Stevie,Hallgarth,469
470,abickerstassed1@ameblo.jp,858-848-5628,Alethea,Bickerstasse,470
471,,,Clarine,Maplethorpe,471
472,abarclayd3@delicious.com,406-662-9420,Arluene,Barclay,472
473,tlegrandd4@indiatimes.com,682-802-6514,Torin,Le Grand,473
474,jfraild5@youku.com,270-947-9329,Jessica,Frail,474
475,chuntard6@cornell.edu,383-365-7319,Christoforo,Huntar,475
476,ggoodind7@msn.com,663-711-7761,Garrick,Goodin,476
477,kwellerd8@reverbnation.com,724-657-5986,Kassey,Weller,477
478,hkingd9@jugem.jp,531-251-1555,Herold,King,478
479,vgurnellda@cyberchimps.com,860-629-7572,Vidovik,Gurnell,479
480,mleckenbydb@delicious.com,210-292-4288,Marian,Leckenby,480
481,hburkinshawdc@skyrock.com,440-350-0759,Haleigh,Burkinshaw,481
482,jtraversdd@narod.ru,217-808-0595,Jefferey,Travers,482
483,kmcilvennyde@msu.edu,840-512-2895,Kingsly,McIlvenny,483
484,cvassalldf@slashdot.org,886-459-8155,Cortie,Vassall,484
485,bcruikshanksdg@ftc.gov,131-778-7312,Bunnie,Cruikshanks,485
486,jroscriggdh@hp.com,310-532-0329,Jsandye,Roscrigg,486
487,clethbydi@nps.gov,308-848-3226,Carlin,Lethby,487
488,lstovindj@shop-pro.jp,720-480-9999,Leigha,Stovin,488
489,lwarrierdk@ameblo.jp,463-462-0157,Leona,Warrier,489
490,cguerrierdl@nationalgeographic.com,531-812-0112,Carolus,Guerrier,490
491,mplackstonedm@admin.ch,140-890-0405,Margarita,Plackstone,491
492,gmactrustiedn@hibu.com,274-404-5391,Gloriana,MacTrustie,492
493,asollemedo@state.gov,885-480-0434,Alice,Solleme,493
494,tmarklindp@creativecommons.org,138-609-4942,Tammie,Marklin,494
495,dlaideldq@japanpost.jp,745-890-0260,Dora,Laidel,495
496,cgooddingdr@narod.ru,864-399-4833,Carlynn,Goodding,496
497,mupjohnds@stanford.edu,671-501-5550,Mella,Upjohn,497
498,spardiedt@gravatar.com,478-587-3889,Shae,Pardie,498
499,kcohndu@princeton.edu,143-856-8570,Katrine,Cohn,499
500,fsanchodv@msn.com,593-176-3925,Frieda,Sancho,500
501,arilstondw@baidu.com,143-303-1239,Alexia,Rilston,501
502,ajancsodx@census.gov,461-509-2530,Anthiathia,Jancso,502
503,bmycockdy@soundcloud.com,652-836-8276,Brendan,Mycock,503
504,aolliedz@bbb.org,343-862-4894,Averill,Ollie,504
505,fconcannone0@mapy.cz,842-210-3151,Fredric,Concannon,505
506,emckanee1@comcast.net,536-517-7256,Elton,McKane,506
507,mpottee2@hhs.gov,919-906-5769,Malinde,Potte,507
508,nbraye3@ihg.com,710-828-2789,Nara,Bray,508
509,fcambline4@jugem.jp,839-954-1463,Frankie,Camblin,509
510,csloleye5@t-online.de,726-389-1104,Carline,Sloley,510
511,sfoate6@shareasale.com,156-550-6970,Stace,Foat,511
512,brafterye7@pen.io,439-817-6167,Beret,Raftery,512
513,bmckelveye8@webs.com,632-862-0492,Burgess,McKelvey,513
514,hheindle9@quantcast.com,153-627-4187,Humphrey,Heindl,514
515,asomerlieea@accuweather.com,564-581-6454,Ado,Somerlie,515
516,fboylandeb@china.com.cn,112-357-0817,Faber,Boyland,516
517,lduffieldec@bloglovin.com,702-775-6015,Lyndsie,Duffield,517
518,dbuckelled@dagondesign.com,525-668-1107,Daphene,Buckell,518
519,jcuttenee@disqus.com,374-628-4494,Jany,Cutten,519
520,mtuffreyef@craigslist.org,472-455-4271,Mikol,Tuffrey,520
521,cflocheg@altervista.org,467-714-3128,Cary,Floch,521
522,wcripleeh@joomla.org,593-250-5619,Wynn,Criple,522
523,mhendricksonei@tripadvisor.com,551-260-3995,Myranda,Hendrickson,523
524,mscrogginsej@1und1.de,118-924-1264,Magda,Scroggins,524
525,ericharzek@squarespace.com,642-541-1940,Evy,Richarz,525
526,dsemeradel@admin.ch,639-712-8737,Dari,Semerad,526
527,bblackettem@jiathis.com,454-638-4587,Berk,Blackett,527
528,nropkingen@eepurl.com,512-476-0963,Noellyn,Ropking,528
529,slonglandeo@ebay.com,388-961-2176,Sile,Longland,529
530,sgaskampep@goodreads.com,405-501-7924,Sascha,Gaskamp,530
531,amuspratteq@topsy.com,755-855-3539,Ava,Muspratt,531
532,sdelicateer@purevolume.com,199-569-3069,Sherill,Delicate,532
533,mdarbyshirees@barnesandnoble.com,764-954-3405,May,Darbyshire,533
534,bcannonet@about.com,569-714-0795,Bunny,Cannon,534
535,dchallendereu@usatoday.com,162-459-6572,Dennison,Challender,535
536,afettiplaceev@cpanel.net,948-319-5239,Aprilette,Fettiplace,536
537,apocockeew@sakura.ne.jp,583-897-2573,Ali,Pococke,537
538,echretienex@networkadvertising.org,780-570-3760,Eydie,Chretien,538
539,cratazziey@alibaba.com,740-450-8919,Clarke,Ratazzi,539
540,traymondez@artisteer.com,424-183-7278,Tawnya,Raymond,540
541,wascraftf0@weibo.com,683-700-5244,Welby,Ascraft,541
542,asacchettif1@fotki.com,742-324-7977,Ailene,Sacchetti,542
543,ccardenasf2@salon.com,833-613-4637,Consolata,Cardenas,543
544,lmeltetalf3@booking.com,529-859-3776,Lyn,Meltetal,544
545,hespositaf4@dion.ne.jp,216-354-9371,Herculie,Esposita,545
546,cklempsf5@freewebs.com,952-924-2621,Cahra,Klemps,546
547,pbarsamf6@columbia.edu,355-547-8399,Prescott,Barsam,547
548,shardwidgef7@51.la,215-655-0034,Sibley,Hardwidge,548
549,jhambyf8@flavors.me,262-471-1831,Jerrine,Hamby,549
550,bbrumhamf9@delicious.com,964-431-6979,Bryn,Brumham,550
551,abutterleyfa@cyberchimps.com,906-156-7048,Anneliese,Butterley,551
552,bbrazilfb@shareasale.com,422-498-1820,Beverie,Brazil,552
553,ademainefc@homestead.com,841-953-7429,Ardith,De Maine,553
554,dtondeurfd@example.com,538-967-6783,Dallas,Tondeur,554
555,dgasgarthfe@shareasale.com,231-867-6463,Dru,Gasgarth,555
556,zspoltonff@google.co.uk,225-410-7947,Zacharia,Spolton,556
557,blowresfg@businessinsider.com,665-189-7085,Barb,Lowres,557
558,triselyfh@mapy.cz,843-145-0518,Tannie,Risely,558
559,cwesternfi@ox.ac.uk,726-446-6885,Candra,Western,559
560,bwhitfordfj@narod.ru,441-196-6114,Burnard,Whitford,560
561,ewidocksfk@mozilla.com,273-852-4951,Ewart,Widocks,561
562,,,Field,Glasscock,562
563,ftriplowfm@buzzfeed.com,212-463-1313,Farris,Triplow,563
564,mjicklesfn@buzzfeed.com,595-302-2113,Milty,Jickles,564
565,jdexterfo@china.com.cn,985-435-5179,Jacintha,Dexter,565
566,bconnechiefp@forbes.com,816-813-2116,Bernetta,Connechie,566
567,ygeytonfq@cbsnews.com,820-576-3175,Yovonnda,Geyton,567
568,dgladingfr@unicef.org,840-634-6961,Dyan,Glading,568
569,cblewfs@go.com,174-898-4351,Codee,Blew,569
570,maylmerft@xing.com,644-443-7256,Michal,Aylmer,570
571,mmcilmoriefu@hc360.com,805-271-1253,Midge,McIlmorie,571
572,bdawkinsfv@imgur.com,979-533-7682,Beck,Dawkins,572
573,rleakfw@dailymotion.com,258-580-8953,Roderich,Leak,573
574,msealyfx@webnode.com,239-205-4085,Muhammad,Sealy,574
575,ybalazinfy@ibm.com,571-678-4461,Yolanthe,Balazin,575
576,mgriffefz@vistaprint.com,538-490-2718,Maury,Griffe,576
577,aashtonhurstg0@paypal.com,373-953-5548,Alan,Ashtonhurst,577
578,lmcbreartyg1@google.co.jp,431-511-9225,Leeann,McBrearty,578
579,rshowtg2@barnesandnoble.com,866-149-8342,Rhoda,Showt,579
580,rmartinag3@theatlantic.com,299-402-1577,Ram,Martina,580
581,zbremondg4@indiatimes.com,839-477-9580,Zulema,Bremond,581
582,vjoscelyng5@canalblog.com,148-522-1258,Vachel,Joscelyn,582
583,esharpousg6@springer.com,789-735-7406,Elie,Sharpous,583
584,jkasperg7@alexa.com,864-407-4886,Joyce,Kasper,584
585,bmeeg8@spiegel.de,991-892-7755,Benton,Mee,585
586,cforstallg9@timesonline.co.uk,949-762-5996,Cherise,Forstall,586
587,bslightga@acquirethisname.com,346-895-4165,Basia,Slight,587
588,,,Erin,Arnau,588
589,malbertsgc@scientificamerican.com,770-631-4132,Maurie,Alberts,589
590,kheinritzgd@gizmodo.com,848-472-6004,Kippie,Heinritz,590
591,ajorisge@indiegogo.com,287-926-8711,Alida,Joris,591
592,jkulicgf@spiegel.de,107-171-8136,Johnathan,Kulic,592
593,mcrumbgg@myspace.com,452-464-4059,Matias,Crumb,593
594,ahackfordgh@wisc.edu,631-249-7148,Alexa,Hackford,594
595,fjosephgi@cbslocal.com,535-869-5400,Feliza,Joseph,595
596,gstorresgj@flavors.me,287-840-7236,Gabriellia,Storres,596
597,mferrieregk@nps.gov,211-939-2344,Meryl,Ferriere,597
598,tborgesiogl@vimeo.com,147-671-2260,Tamar,Borgesio,598
599,sbuttrumgm@wufoo.com,705-820-4655,Sorcha,Buttrum,599
600,mmarwoodgn@storify.com,905-381-1481,Madella,Marwood,600
601,ffernelygo@yelp.com,457-584-1105,Ferdy,Fernely,601
602,gdidellogp@cargocollective.com,222-912-2566,Garv,Di Dello,602
603,,,Tabbitha,Mithun,603
604,yframptongr@hugedomains.com,245-483-2612,Yorker,Frampton,604
605,,,Tove,Pinching,605
606,gbuchettgt@biglobe.ne.jp,371-125-8513,Grethel,Buchett,606
607,cvicarygu@npr.org,131-565-7848,Corinna,Vicary,607
608,bgoodingv@sourceforge.net,476-546-2611,Babita,Goodin,608
609,lmilnergw@soundcloud.com,922-527-9097,Lotta,Milner,609
610,gkindleysidesgx@chron.com,506-616-9621,Glen,Kindleysides,610
611,tcopingy@hc360.com,451-634-6117,Thain,Copin,611
612,zwettergz@gizmodo.com,801-998-9286,Zared,Wetter,612
613,llevicounth0@disqus.com,319-866-0970,Libbey,Levicount,613
614,lpaolettih1@techcrunch.com,194-502-2268,Liesa,Paoletti,614
615,kbaudeh2@nymag.com,542-795-1985,Ketty,Baude,615
616,jlefevreh3@macromedia.com,565-239-1150,Jeannette,Le Fevre,616
617,cculchethh4@jigsy.com,338-524-4876,Cornelia,Culcheth,617
618,bbonafanth5@patch.com,561-587-2264,Brandi,Bonafant,618
619,gkeydenh6@xinhuanet.com,759-977-3514,Gibby,Keyden,619
620,jalbonh7@google.es,796-438-2502,Jerrold,Albon,620
621,gsummerlyh8@vinaora.com,302-381-2867,Genny,Summerly,621
622,rsmissenh9@craigslist.org,189-353-4762,Raynell,Smissen,622
623,hboddingtonha@tiny.cc,682-312-4273,Hasheem,Boddington,623
624,kmclearyhb@sogou.com,210-665-8588,Kevon,McLeary,624
625,mscroggshc@xrea.com,278-539-3250,Meriel,Scroggs,625
626,csreenanhd@upenn.edu,393-812-9876,Celestina,Sreenan,626
627,jslackhe@fda.gov,134-530-0337,Janeta,Slack,627
628,tspurdenhf@mac.com,299-148-9970,Tabitha,Spurden,628
629,fmarchellohg@geocities.com,707-768-8636,Ferdy,Marchello,629
630,mbewfieldhh@ustream.tv,731-860-8592,Mendie,Bewfield,630
631,agarmonhi@mapy.cz,529-148-6347,Alyse,Garmon,631
632,psineshj@biglobe.ne.jp,122-166-7480,Phillipp,Sines,632
633,emaclucaishk@sakura.ne.jp,653-191-6724,Edmund,MacLucais,633
634,ppithcockhl@bandcamp.com,132-469-9854,Pepillo,Pithcock,634
635,leaclehm@goodreads.com,973-193-1553,Laird,Eacle,635
636,esummerhayeshn@mediafire.com,847-167-4609,Esra,Summerhayes,636
637,amcgooganho@com.com,469-611-3472,Aldrich,McGoogan,637
638,irasellhp@hhs.gov,778-101-7270,Irita,Rasell,638
639,gdagostinihq@dropbox.com,544-628-2397,Guinna,D'Agostini,639
640,mgiacobonihr@histats.com,920-459-7366,Marta,Giacoboni,640
641,mblevinhs@godaddy.com,940-697-1808,Merwyn,Blevin,641
642,glumbht@nsw.gov.au,427-778-8613,Ginelle,Lumb,642
643,jrossihu@nymag.com,149-375-5113,Jana,Rossi,643
644,bsmarthv@rakuten.co.jp,861-595-2708,Britte,Smart,644
645,nvanderspohrhw@dropbox.com,268-734-4174,Nessi,Van der Spohr,645
646,dwatkisshx@scribd.com,457-940-0104,Dag,Watkiss,646
647,tvearnalshy@elpais.com,675-915-3259,Thebault,Vearnals,647
648,adruhanhz@infoseek.co.jp,190-325-4617,Atlanta,Druhan,648
649,sstangoei0@berkeley.edu,558-636-5383,Sam,Stangoe,649
650,cleversuchi1@netlog.com,322-359-8873,Claudell,Leversuch,650
651,ehadcocki2@jimdo.com,479-810-4219,Etheline,Hadcock,651
652,jponteni3@issuu.com,767-752-9027,Jemmy,Ponten,652
653,rclunani4@wufoo.com,589-128-4989,Randie,Clunan,653
654,agobolosi5@slashdot.org,697-375-1352,Arlan,Gobolos,654
655,gfludgatei6@yelp.com,818-908-7833,Goldarina,Fludgate,655
656,jfleemingi7@techcrunch.com,886-107-3273,Julissa,Fleeming,656
657,rmaclurei8@economist.com,986-814-1076,Ryon,MacLure,657
658,mizhaki9@ucsd.edu,138-363-6209,Margalit,Izhak,658
659,boxburghia@webmd.com,102-742-6799,Bord,Oxburgh,659
660,,,Laurella,Crab,660
661,mpitceathlyic@toplist.cz,523-100-6884,Mohandis,Pitceathly,661
662,lbirtwellid@mozilla.org,850-249-2491,Lula,Birtwell,662
663,wvasichevie@harvard.edu,776-543-0328,Wylma,Vasichev,663
664,omathwinif@vk.com,719-342-4161,Orbadiah,Mathwin,664
665,bdewickeig@gmpg.org,343-514-0543,Boone,Dewicke,665
666,sgarvinih@naver.com,523-351-4127,Sharleen,Garvin,666
667,kstainsonii@oakley.com,872-807-3550,Kean,Stainson,667
668,efalkij@google.fr,819-567-8363,Evie,Falk,668
669,vpibworthik@tripadvisor.com,399-233-2958,Vincenz,Pibworth,669
670,lmcillroyil@odnoklassniki.ru,295-543-1530,Leontyne,McIllroy,670
671,cbertwistleim@ustream.tv,325-253-1268,Carce,Bertwistle,671
672,lroblinin@cisco.com,238-278-1064,Lizabeth,Roblin,672
673,sbatherio@netlog.com,689-821-8935,Sherman,Bather,673
674,nwoodsip@blogtalkradio.com,680-756-9130,Nobie,Woods,674
675,ckissockiq@thetimes.co.uk,354-309-8879,Catlee,Kissock,675
676,ddeminicoir@google.com.hk,811-252-8561,Duane,De Minico,676
677,jangeliniis@about.com,611-973-0658,Jasen,Angelini,677
678,gsavaageit@timesonline.co.uk,289-162-9268,Garret,Savaage,678
679,kdeliaiu@utexas.edu,250-922-9357,Kylie,Delia,679
680,ahorningiv@webmd.com,684-765-2358,Amery,Horning,680
681,cbintoniw@wordpress.com,201-158-6640,Codi,Binton,681
682,shovertix@ovh.net,193-287-7839,Sidney,Hovert,682
683,mbrughiy@fda.gov,795-176-5728,Margette,Brugh,683
684,sbisterfeldiz@accuweather.com,536-583-4095,Sissy,Bisterfeld,684
685,pfoulisj0@mashable.com,213-978-5930,Philip,Foulis,685
686,mshanej1@berkeley.edu,338-547-4161,Marnie,Shane,686
687,dpillifantj2@istockphoto.com,562-661-4458,Darbee,Pillifant,687
688,ohellardj3@chronoengine.com,572-605-4506,Olivia,Hellard,688
689,wandererj4@google.it,785-321-1218,Winny,Anderer,689
690,sbarensj5@goodreads.com,698-783-0008,Shari,Barens,690
691,jkinchj6@netvibes.com,611-317-9516,Jozef,Kinch,691
692,mrangallj7@go.com,922-496-8482,Mozelle,Rangall,692
693,cwinfieldj8@bloglovin.com,417-688-8087,Chadwick,Winfield,693
694,bridleyj9@google.com.au,546-873-8798,Barbi,Ridley,694
695,poatenja@netlog.com,431-135-4297,Pia,Oaten,695
696,sdigbyjb@google.pl,946-870-5487,Sherwin,Digby,696
697,bacuttjc@themeforest.net,731-854-0525,Barb,Acutt,697
698,ctrousdelljd@t-online.de,245-449-6885,Chucho,Trousdell,698
699,cgaskoinje@jalbum.net,199-881-2774,Clair,Gaskoin,699
700,maltenjf@slashdot.org,507-364-9500,Mamie,Alten,700
701,pwhanstalljg@rakuten.co.jp,294-200-9778,Philomena,Whanstall,701
702,isalleirjh@discuz.net,491-525-6887,Ivor,Salleir,702
703,ahantuschji@fastcompany.com,775-191-6342,Alberta,Hantusch,703
704,arowanjj@msu.edu,792-566-2128,Angele,Rowan,704
705,klinehamjk@ca.gov,121-185-9036,Katee,Lineham,705
706,sbridelljl@google.de,630-124-5876,Sol,Bridell,706
707,sfitzroyjm@forbes.com,849-846-4247,Sibyl,Fitzroy,707
708,bconnechyjn@kickstarter.com,816-100-8265,Bing,Connechy,708
709,vjerromjo@dyndns.org,371-539-4287,Valerye,Jerrom,709
710,liannejp@cam.ac.uk,841-152-5834,Lalo,Ianne,710
711,nurpethjq@si.edu,912-545-0563,Noel,Urpeth,711
712,rkempsonjr@mediafire.com,864-575-3021,Rafa,Kempson,712
713,ccorneliussenjs@instagram.com,599-433-5376,Corette,Corneliussen,713
714,wletteresejt@skype.com,853-325-1560,Winnifred,Letterese,714
715,ldavidovicsju@netscape.com,109-679-7720,Lenna,Davidovics,715
716,cogelbejv@microsoft.com,826-605-2798,Cleve,Ogelbe,716
717,fcarbertjw@alexa.com,266-139-4104,Frederich,Carbert,717
718,lziemeckijx@about.me,738-465-4526,Lexine,Ziemecki,718
719,ctummondjy@ibm.com,380-597-3600,Collete,Tummond,719
720,rorthmannjz@admin.ch,662-502-1838,Rafferty,Orthmann,720
721,kvarleyk0@lycos.com,370-608-5359,Kelsey,Varley,721
722,ocowderoyk1@dion.ne.jp,144-619-5513,Otes,Cowderoy,722
723,dkennaghk2@senate.gov,546-306-0882,Darnell,Kennagh,723
724,wgerataschk3@weibo.com,228-174-7010,Wainwright,Geratasch,724
725,cperchardk4@facebook.com,309-244-8312,Crosby,Perchard,725
726,scrimesk5@nhs.uk,156-928-2457,Selby,Crimes,726
727,lmclicek6@altervista.org,219-396-7518,Levy,McLice,727
728,sconrartk7@topsy.com,503-754-2603,Shalom,Conrart,728
729,mkaplink8@sciencedirect.com,766-480-5580,Madelena,Kaplin,729
730,wbyattk9@dagondesign.com,809-897-0421,Wheeler,Byatt,730
731,hraffonka@ow.ly,797-127-4088,Heidie,Raffon,731
732,lettridgekb@irs.gov,198-942-9148,Lynelle,Ettridge,732
733,nseeleykc@topsy.com,545-937-9846,Nicolais,Seeley,733
734,rradkekd@smugmug.com,333-503-1518,Rosalynd,Radke,734
735,cmcilhattonke@pinterest.com,908-258-6599,Collen,McIlhatton,735
736,kjenmankf@tmall.com,336-147-8301,Karena,Jenman,736
737,awaleskg@barnesandnoble.com,150-168-0385,Amos,Wales,737
738,vallanbykh@jugem.jp,546-338-5210,Valentino,Allanby,738
739,ldalglishki@engadget.com,705-766-6328,Laurella,Dalglish,739
740,jsparkwillkj@foxnews.com,354-227-8766,Jerry,Sparkwill,740
741,jgindghillkk@dagondesign.com,741-232-3554,Jerri,Gindghill,741
742,xbailiekl@mac.com,795-873-4910,Xever,Bailie,742
743,hkyberdkm@ask.com,970-472-0646,Hartley,Kyberd,743
744,escapenskn@techcrunch.com,415-948-4410,Elihu,Scapens,744
745,cjehaesko@hugedomains.com,205-961-0999,Carce,Jehaes,745
746,gjurischkp@sphinn.com,779-708-8834,Greer,Jurisch,746
747,gredierkq@google.co.uk,874-491-1548,Gilemette,Redier,747
748,kyesenevkr@auda.org.au,883-919-4439,Kristina,Yesenev,748
749,mmarfieldks@reverbnation.com,940-207-6092,Magdalene,Marfield,749
750,apedriellikt@ucla.edu,391-354-7235,Aubree,Pedrielli,750
751,mkulicku@rediff.com,329-574-1125,Michael,Kulic,751
752,pcusickkv@simplemachines.org,518-485-7955,Paule,Cusick,752
753,lbrennandkw@goo.gl,148-862-0052,Lockwood,Brennand,753
754,sbeverkx@buzzfeed.com,775-161-3216,Sherill,Bever,754
755,tmacdiarmondky@ihg.com,894-401-0383,Tomasine,MacDiarmond,755
756,gbraffertonkz@hibu.com,342-896-0693,Gardiner,Brafferton,756
757,jghiraldil0@census.gov,928-527-4086,Janene,Ghiraldi,757
758,jtruranl1@prweb.com,842-967-3910,Jereme,Truran,758
759,shengoedl2@loc.gov,935-996-1372,Stanford,Hengoed,759
760,whakonsenl3@imdb.com,478-344-3092,Wayland,Hakonsen,760
761,gsexceyl4@dedecms.com,951-624-8303,Georgine,Sexcey,761
762,flabordal5@storify.com,229-557-3157,Ford,Laborda,762
763,rcoleirol6@php.net,937-725-4906,Rhodie,Coleiro,763
764,gmatthewsl7@cmu.edu,428-469-4662,Ginny,Matthews,764
765,rhelstripl8@ning.com,244-786-5516,Ricard,Helstrip,765
766,ghulkel9@squidoo.com,861-916-9505,Gustave,Hulke,766
767,mhuggillla@google.it,281-545-1978,Marybeth,Huggill,767
768,kstrathernlb@rakuten.co.jp,350-409-7930,Kendricks,Strathern,768
769,kbrackenburylc@baidu.com,310-109-1965,Karylin,Brackenbury,769
770,lchelamld@bluehost.com,816-681-8844,Lisetta,Chelam,770
771,oriordanle@wordpress.com,936-727-6696,Olvan,Riordan,771
772,aeastopelf@seesaa.net,720-426-4224,Aurelie,Eastope,772
773,ecollierlg@shareasale.com,495-300-2970,Ellary,Collier,773
774,hgerrilllh@hexun.com,525-817-8718,Honor,Gerrill,774
775,rcopesli@cnet.com,101-750-4047,Ramsey,Copes,775
776,scawseylj@barnesandnoble.com,138-120-3270,Sunshine,Cawsey,776
777,nduguelk@networksolutions.com,319-360-5711,Nadia,Dugue,777
778,kloveguardll@sogou.com,462-749-3988,Kamila,Loveguard,778
779,kjolleylm@mlb.com,826-586-6766,Kirk,Jolley,779
780,fbartoschln@privacy.gov.au,620-986-1523,Findley,Bartosch,780
781,mlawlefflo@ask.com,521-662-6526,Missie,Lawleff,781
782,abernlinlp@wired.com,248-674-5828,Aurore,Bernlin,782
783,rcouroylq@ox.ac.uk,487-977-9920,Raddie,Couroy,783
784,cdeverillr@baidu.com,703-802-2321,Carmella,Deveril,784
785,cnorkerls@house.gov,712-514-5753,Cornelia,Norker,785
786,fnazairlt@yolasite.com,180-535-3402,Frasco,Nazair,786
787,ebonylu@pcworld.com,724-342-4542,Ernestine,Bony,787
788,cgouldthorpelv@skyrock.com,756-922-8842,Cross,Gouldthorpe,788
789,mwhaplingtonlw@sphinn.com,415-236-7617,Miranda,Whaplington,789
790,cgarroodlx@bbb.org,852-450-3805,Chris,Garrood,790
791,eshawelly@t.co,188-132-8714,Esra,Shawel,791
792,gsolelz@goodreads.com,502-870-9216,Gigi,Sole,792
793,ljeppersonm0@mapy.cz,949-474-8130,Layton,Jepperson,793
794,clytlem1@myspace.com,395-951-5813,Cynthie,Lytle,794
795,fpedicanm2@reuters.com,443-426-7322,Faydra,Pedican,795
796,alenoirem3@biblegateway.com,662-830-5387,Abra,Le Noire,796
797,geaglenm4@nasa.gov,532-691-0637,Gaylord,Eaglen,797
798,bhainningm5@homestead.com,343-757-9847,Billye,Hainning,798
799,ksiveyerm6@reference.com,688-312-0948,Kayle,Siveyer,799
800,wellingfordm7@digg.com,439-639-3514,Winslow,Ellingford,800
801,ecanapem8@angelfire.com,365-916-4335,Everard,Canape,801
802,mbysshem9@so-net.ne.jp,771-670-8766,Mortie,Bysshe,802
803,tvobesma@springer.com,684-936-4510,Terrel,Vobes,803
804,bbrymnermb@vkontakte.ru,649-942-1515,Bessy,Brymner,804
805,nperrynmc@newyorker.com,752-931-0836,Norbie,Perryn,805
806,wmuggeridgemd@zdnet.com,706-618-5375,Wendi,Muggeridge,806
807,lgaufordme@google.ru,839-394-0481,Lilas,Gauford,807
808,wcarmichaelmf@businessinsider.com,265-548-1293,Whitman,Carmichael,808
809,gbelfitmg@exblog.jp,438-857-8851,Garner,Belfit,809
810,jpayemh@accuweather.com,467-913-2686,Jamima,Paye,810
811,fsubhanmi@samsung.com,832-993-6403,Farleigh,Subhan,811
812,irenshallmj@blogtalkradio.com,271-819-8259,Ingrid,Renshall,812
813,edyhousemk@techcrunch.com,620-592-3709,Eugenia,Dyhouse,813
814,aowensonml@army.mil,213-808-8450,Angela,Owenson,814
815,acumbermm@blogs.com,911-785-0219,Arthur,Cumber,815
816,mcaldermn@google.com.br,262-306-3766,Myrna,Calder,816
817,jtenantmo@barnesandnoble.com,467-466-4484,Jonathan,Tenant,817
818,hczaplemp@smh.com.au,463-733-4827,Hadlee,Czaple,818
819,ckieransmq@hc360.com,731-316-4310,Carroll,Kierans,819
820,lkeemarmr@bbb.org,395-868-0742,Leda,Keemar,820
821,meaklyms@desdev.cn,181-657-9089,Magnum,Eakly,821
822,sfenelonmt@buzzfeed.com,972-200-5581,Sidnee,Fenelon,822
823,sbemwellmu@nytimes.com,857-722-5681,Sibby,Bemwell,823
824,hcolquitmv@cbsnews.com,685-548-7187,Harri,Colquit,824
825,jlindbergmw@about.com,879-582-4259,Jodie,Lindberg,825
826,dtuhymx@photobucket.com,241-717-0844,Darin,Tuhy,826
827,sdavidsenmy@paypal.com,948-630-8032,Scarlett,Davidsen,827
828,jkunzlermz@trellian.com,640-564-7282,Justino,Kunzler,828
829,halimann0@cdbaby.com,665-739-9030,Harriot,Aliman,829
830,nspiringn1@dagondesign.com,250-886-9349,Nial,Spiring,830
831,nmcwhirtern2@apple.com,650-302-5370,Nanette,McWhirter,831
832,vwinstanleyn3@wordpress.org,673-644-8796,Vinny,Winstanley,832
833,cdurbann4@mapy.cz,183-990-3955,Chalmers,Durban,833
834,molivian5@typepad.com,304-899-3389,Mattie,Olivia,834
835,njeanonn6@nsw.gov.au,551-126-2758,Nesta,Jeanon,835
836,htantumn7@elegantthemes.com,525-220-7727,Hestia,Tantum,836
837,lkezorn8@yale.edu,166-717-1070,Lolly,Kezor,837
838,mmonikern9@mysql.com,309-702-7561,Maryjane,Moniker,838
839,zgarmansna@spiegel.de,520-852-5555,Zachary,Garmans,839
840,wwarlowenb@eepurl.com,202-384-9320,Wayland,Warlowe,840
841,nblackaternc@redcross.org,636-678-7732,Niels,Blackater,841
842,bdowsettnd@ustream.tv,330-475-7511,Brinn,Dowsett,842
843,jbrahamsne@unc.edu,297-315-4173,Jacquelynn,Brahams,843
844,jlachezenf@behance.net,497-870-3410,Judith,Lacheze,844
845,kturmelng@slideshare.net,679-858-8743,Kore,Turmel,845
846,jgillhamnh@sciencedaily.com,675-759-2156,Jelene,Gillham,846
847,tgaunsonni@usa.gov,763-874-4056,Theresita,Gaunson,847
848,hzemlernj@epa.gov,254-327-6380,Hall,Zemler,848
849,hkeddynk@w3.org,776-390-6072,Hilda,Keddy,849
850,anicenl@bloglovin.com,748-142-2730,Amos,Nice,850
851,checklenm@amazon.co.jp,267-519-1057,Celestine,Heckle,851
852,htumayannn@cdc.gov,491-787-0763,Holli,Tumayan,852
853,fkauschkeno@marriott.com,670-564-9589,Franzen,Kauschke,853
854,rpenquetnp@google.co.jp,712-972-7663,Rod,Penquet,854
855,mboarnq@lycos.com,471-235-4172,Marthe,Boar,855
856,rmarioneaunr@pbs.org,369-501-4135,Ricoriki,Marioneau,856
857,abosnellns@goo.ne.jp,952-123-7613,Aldon,Bosnell,857
858,blyptradent@live.com,398-553-7107,Berri,Lyptrade,858
859,epetracchinu@amazon.com,554-956-9184,Evania,Petracchi,859
860,llogesnv@irs.gov,571-229-6649,Lilly,Loges,860
861,jvictorynw@wikispaces.com,559-745-4928,Joshua,Victory,861
862,astrattonnx@google.co.jp,553-721-3544,Alasdair,Stratton,862
863,zlumbersny@g.co,816-970-0008,Zelda,Lumbers,863
864,cwhiskernz@sitemeter.com,581-100-9669,Cammie,Whisker,864
865,glaceo0@squarespace.com,870-782-6503,Gloriana,Lace,865
866,dlinayo1@dell.com,498-370-4770,Donnie,Linay,866
867,amcnalleyo2@skyrock.com,992-529-5152,Anabal,McNalley,867
868,kcaffino3@archive.org,298-531-0833,Keri,Caffin,868
869,fzapleo4@npr.org,729-632-2810,Filia,Zaple,869
870,twalstowo5@dagondesign.com,462-519-4354,Tymon,Walstow,870
871,trobecono6@tuttocitta.it,706-313-6709,Tallie,Robecon,871
872,soffenero7@bbc.co.uk,392-423-0149,Shaina,Offener,872
873,ncrumbyo8@istockphoto.com,185-749-8951,Norby,Crumby,873
874,hboardero9@domainmarket.com,213-554-9567,Huey,Boarder,874
875,dionsoa@squidoo.com,997-642-2591,Donia,Ions,875
876,cdjurkovicob@washington.edu,670-925-4605,Carma,Djurkovic,876
877,dstaileyoc@thetimes.co.uk,236-275-3816,Denis,Stailey,877
878,apickupod@pinterest.com,668-110-0838,Alexio,Pickup,878
879,,,Tedman,Domengue,879
880,tfearsof@youku.com,402-410-1925,Tannie,Fears,880
881,gcuellog@delicious.com,405-773-3717,Gabriele,Cuell,881
882,pfosteroh@miibeian.gov.cn,285-994-2854,Pepi,Foster,882
883,fgerkensoi@printfriendly.com,539-694-3214,Freddy,Gerkens,883
884,blinscottoj@tripod.com,885-300-5695,Brenn,Linscott,884
885,dronaldsonok@ebay.com,815-263-3038,Dennie,Ronaldson,885
886,dduffol@admin.ch,914-444-6036,Doe,Duff,886
887,fdraynom@thetimes.co.uk,107-662-0579,Flo,Drayn,887
888,dmishawon@digg.com,493-321-1938,Demeter,Mishaw,888
889,,,Penny,Backler,889
890,sshillsop@histats.com,851-659-5614,Shell,Shills,890
891,credrupoq@gov.uk,999-559-0757,Clio,Redrup,891
892,erandalesor@blogtalkradio.com,819-700-2704,Emmott,Randales,892
893,fjeromsonos@prlog.org,678-548-2663,Franz,Jeromson,893
894,bseverwrightot@google.es,140-733-4955,Billie,Severwright,894
895,mwinnettou@nih.gov,752-700-4118,Marchall,Winnett,895
896,gferranov@pbs.org,148-215-6002,Gaynor,Ferran,896
897,ytoffanoow@hud.gov,394-723-8389,Yulma,Toffano,897
898,dcashellox@hexun.com,548-792-1645,Del,Cashell,898
899,rsweetnamoy@google.cn,766-536-7826,Rey,Sweetnam,899
900,garnetoz@sakura.ne.jp,866-729-5783,Georgetta,Arnet,900
901,wheinekingp0@cargocollective.com,812-751-8051,Wynn,Heineking,901
902,hdenacampp1@de.vu,650-329-5791,Hortense,Denacamp,902
903,moutrightp2@statcounter.com,503-536-0173,Maximilian,Outright,903
904,cplankp3@tinyurl.com,707-386-0973,Charla,Plank,904
905,cmattekp4@sakura.ne.jp,420-841-3947,Chancey,Mattek,905
906,marrigop5@google.pl,960-606-3065,Monroe,Arrigo,906
907,mjohannessonp6@fastcompany.com,478-642-6857,Myer,Johannesson,907
908,cpiccardp7@state.gov,144-468-7828,Caresa,Piccard,908
909,cpattlelp8@cbsnews.com,474-682-3193,Candy,Pattlel,909
910,dbanthamp9@amazon.co.uk,504-126-9988,Davine,Bantham,910
911,grubinivitzpa@addtoany.com,956-323-1881,Gabriello,Rubinivitz,911
912,gpersencepb@cisco.com,379-676-3824,Gal,Persence,912
913,ckenrydpc@nyu.edu,104-398-7817,Cherise,Kenryd,913
914,mschustpd@foxnews.com,763-119-0062,Mayer,Schust,914
915,mpawnsfordpe@mozilla.org,903-968-2307,Mahmoud,Pawnsford,915
916,bswindonpf@answers.com,135-301-2313,Brandea,Swindon,916
917,lnewallpg@walmart.com,331-192-8423,Law,Newall,917
918,rseegerph@virginia.edu,277-361-4025,Rand,Seeger,918
919,dtitheringtonpi@ft.com,462-424-0770,Darb,Titherington,919
920,tpadypj@networksolutions.com,243-443-3445,Tommy,Pady,920
921,nwilcepk@cafepress.com,643-268-2171,Nelli,Wilce,921
922,bmatthiesenpl@comsenz.com,908-919-5257,Blakelee,Matthiesen,922
923,aprenpm@posterous.com,611-154-3156,Andriana,Pren,923
924,teltunepn@seesaa.net,703-343-6718,Taddeo,Eltune,924
925,olipsonpo@imdb.com,784-752-9986,Olivero,Lipson,925
926,,,Angelica,Fortye,926
927,lcastelowpq@princeton.edu,168-213-6251,Lindsey,Castelow,927
928,chanbidgepr@indiatimes.com,384-221-7321,Conroy,Hanbidge,928
929,mbillingtonps@cnet.com,234-559-5566,Mason,Billington,929
930,sfeasleypt@360.cn,330-439-9782,Selena,Feasley,930
931,arosewarnepu@qq.com,903-222-8128,Austin,Rosewarne,931
932,dpolkpv@stanford.edu,313-681-9688,Devland,Polk,932
933,gstockinpw@admin.ch,739-608-4666,Gerty,Stockin,933
934,clowmanpx@weibo.com,182-795-8483,Chiquita,Lowman,934
935,mhenriquepy@cisco.com,859-104-4601,Melisande,Henrique,935
936,wstrevenspz@auda.org.au,395-114-1218,Wallie,Strevens,936
937,rworboyq0@linkedin.com,330-330-0385,Rolph,Worboy,937
938,cdilliwayq1@ning.com,191-459-5789,Clarissa,Dilliway,938
939,mpetruskaq2@a8.net,455-120-5355,Mortimer,Petruska,939
940,dfrankesq3@webs.com,620-533-8436,Daphne,Frankes,940
941,aachrameevq4@dion.ne.jp,621-931-0073,Adorne,Achrameev,941
942,lidaq5@macromedia.com,960-359-9651,Loren,Ida,942
943,plongsonq6@shop-pro.jp,933-401-9757,Parry,Longson,943
944,rcosbeeq7@hao123.com,953-979-8375,Rheba,Cosbee,944
945,slongriggq8@sciencedirect.com,677-137-5333,Skyler,Longrigg,945
946,odonoghueq9@amazon.com,480-817-5816,Ollie,Donoghue,946
947,bhazleyqa@wunderground.com,449-766-6700,Berny,Hazley,947
948,wclipstonqb@vinaora.com,968-920-3326,Wynne,Clipston,948
949,esearjeantqc@symantec.com,559-741-0586,Emile,Searjeant,949
950,emckelvieqd@nps.gov,823-125-3526,Eolande,McKelvie,950
951,mdabellqe@purevolume.com,114-463-2478,Marlee,Dabell,951
952,sderlqf@who.int,465-837-9661,Siegfried,Derl,952
953,cbuddleighqg@squarespace.com,743-219-0618,Charlotte,Buddleigh,953
954,hgutchqh@marriott.com,986-109-8399,Hashim,Gutch,954
955,gsidneyqi@wordpress.org,407-836-3186,Godfree,Sidney,955
956,dbalchenqj@wikipedia.org,651-354-8214,Danita,Balchen,956
957,tehlerdingqk@cam.ac.uk,486-839-3418,Tammi,Ehlerding,957
958,tjocelynql@altervista.org,713-249-5358,Tally,Jocelyn,958
959,dfoottitqm@yellowbook.com,800-739-2163,Derby,Foottit,959
960,ddowdeswellqn@pinterest.com,900-588-9875,Doralia,Dowdeswell,960
961,bduffetqo@wix.com,267-554-6713,Buiron,Duffet,961
962,rterbruggeqp@com.com,465-985-5236,Roslyn,Terbrugge,962
963,erydingqq@dell.com,218-540-3246,Emmit,Ryding,963
964,bburnallqr@myspace.com,392-896-3868,Bourke,Burnall,964
965,jcapesqs@house.gov,209-848-4397,Julianna,Capes,965
966,naingeqt@uol.com.br,908-504-8759,Netty,Ainge,966
967,bdennessqu@google.fr,646-891-0809,Beatrix,Denness,967
968,skimblingqv@cocolog-nifty.com,597-461-6587,Shamus,Kimbling,968
969,nfideleqw@biglobe.ne.jp,357-942-7760,Natty,Fidele,969
970,lurlingqx@google.es,246-142-9807,Lou,Urling,970
971,cpoletqy@twitter.com,435-450-7269,Clea,Polet,971
972,lmiereqz@zdnet.com,964-815-9983,Leicester,Miere,972
973,ngianr0@smugmug.com,415-583-2754,Nat,Gian,973
974,lstrobanr1@goodreads.com,623-170-1410,Lorilyn,Stroban,974
975,,,Gwenni,Durnell,975
976,raugurr3@europa.eu,680-337-3658,Rick,Augur,976
977,wcobbingr4@fotki.com,881-409-2260,Warde,Cobbing,977
978,sewbancher5@unesco.org,434-201-9624,Sigismund,Ewbanche,978
979,crustanr6@nhs.uk,993-466-3909,Celesta,Rustan,979
980,jdowsonr7@cnbc.com,879-278-8337,Judith,Dowson,980
981,wkolisr8@answers.com,420-125-8511,Wright,Kolis,981
982,dbletsor9@washington.edu,425-899-0010,Dag,Bletso,982
983,itorbettra@ask.com,273-182-7270,Ilse,Torbett,983
984,odacthrb@blogger.com,203-349-7680,Olivero,D'Acth,984
985,bwimmsrc@sbwire.com,328-311-6794,Babara,Wimms,985
986,vruserd@google.es,568-243-2957,Virgil,Ruse,986
987,eshooterre@wisc.edu,623-207-0667,Essy,Shooter,987
988,jmalaferf@elegantthemes.com,716-608-6339,Jodi,Malafe,988
989,,,Tim,Hans,989
990,rbedowrh@ox.ac.uk,669-534-8526,Romola,Bedow,990
991,emitchelyri@github.io,585-709-2890,Ebenezer,Mitchely,991
992,cbundockrj@hexun.com,323-776-5264,Cairistiona,Bundock,992
993,ajedrzejkiewiczrk@multiply.com,726-291-0516,Addi,Jedrzejkiewicz,993
994,fferiarl@issuu.com,878-154-5432,Francyne,Feria,994
995,ltillyrm@businessweek.com,969-997-1941,Lainey,Tilly,995
996,bwhaphamrn@japanpost.jp,438-598-1526,Bev,Whapham,996
997,ckillfordro@icio.us,846-854-3161,Charlena,Killford,997
998,omanolovrp@nih.gov,713-123-6525,Otto,Manolov,998
999,idasparrq@vinaora.com,493-456-7939,Ignacio,Daspar,999
1000,pfritschmannrr@prlog.org,138-862-2194,Pierson,Fritschmann,1000
