Product_ID,Product_Name,Product_Image,Price,Stock,Category_ID
1,venenatis,http://dummyimage.com/218x100.png/dddddd/000000,$34.43,94,1
2,est phasellus,http://dummyimage.com/113x100.png/5fa2dd/ffffff,$33.65,41,2
3,sit amet,http://dummyimage.com/223x100.png/5fa2dd/ffffff,$31.95,92,3
4,purus sit,http://dummyimage.com/156x100.png/5fa2dd/ffffff,$12.36,95,4
5,orci,http://dummyimage.com/230x100.png/ff4444/ffffff,$31.45,46,5
6,faucibus cursus,http://dummyimage.com/179x100.png/cc0000/ffffff,$15.14,25,6
7,pede,http://dummyimage.com/125x100.png/dddddd/000000,$27.78,45,7
8,vulputate,http://dummyimage.com/237x100.png/dddddd/000000,$39.22,28,8
9,cursus,http://dummyimage.com/160x100.png/5fa2dd/ffffff,$41.54,82,9
10,purus eu,http://dummyimage.com/188x100.png/dddddd/000000,$8.85,26,10
11,ultrices,http://dummyimage.com/234x100.png/ff4444/ffffff,$44.31,64,11
12,nullam,http://dummyimage.com/233x100.png/5fa2dd/ffffff,$38.29,71,12
13,lacinia,http://dummyimage.com/243x100.png/cc0000/ffffff,$19.76,70,13
14,sed lacus,http://dummyimage.com/147x100.png/5fa2dd/ffffff,$20.34,95,14
15,sit amet,http://dummyimage.com/210x100.png/dddddd/000000,$6.32,7,15
16,id,http://dummyimage.com/108x100.png/ff4444/ffffff,$14.95,21,16
17,nisl,http://dummyimage.com/121x100.png/ff4444/ffffff,$23.18,76,17
18,libero,http://dummyimage.com/104x100.png/5fa2dd/ffffff,$13.88,71,18
19,ante ipsum,http://dummyimage.com/128x100.png/5fa2dd/ffffff,$24.75,58,19
20,pede lobortis,http://dummyimage.com/137x100.png/ff4444/ffffff,$16.87,61,20
21,sed tincidunt,http://dummyimage.com/166x100.png/dddddd/000000,$46.93,88,21
22,diam cras,http://dummyimage.com/117x100.png/cc0000/ffffff,$41.44,85,22
23,viverra,http://dummyimage.com/183x100.png/ff4444/ffffff,$47.70,93,23
24,semper,http://dummyimage.com/102x100.png/dddddd/000000,$26.41,88,24
25,nibh,http://dummyimage.com/207x100.png/cc0000/ffffff,$38.71,92,25
26,in,http://dummyimage.com/177x100.png/5fa2dd/ffffff,$47.19,61,26
27,nulla,http://dummyimage.com/176x100.png/cc0000/ffffff,$9.25,29,27
28,viverra eget,http://dummyimage.com/226x100.png/5fa2dd/ffffff,$32.76,3,28
29,nec,http://dummyimage.com/165x100.png/ff4444/ffffff,$41.78,4,29
30,tempus,http://dummyimage.com/194x100.png/5fa2dd/ffffff,$4.96,65,30
31,habitasse platea,http://dummyimage.com/104x100.png/ff4444/ffffff,$41.83,96,31
32,sit amet,http://dummyimage.com/212x100.png/dddddd/000000,$17.84,58,32
33,lacinia aenean,http://dummyimage.com/209x100.png/cc0000/ffffff,$44.11,90,33
34,urna ut,http://dummyimage.com/225x100.png/ff4444/ffffff,$25.84,33,34
35,pellentesque,http://dummyimage.com/105x100.png/dddddd/000000,$37.32,10,35
36,in lectus,http://dummyimage.com/243x100.png/5fa2dd/ffffff,$16.69,94,36
37,purus,http://dummyimage.com/175x100.png/dddddd/000000,$16.66,28,37
38,pellentesque,http://dummyimage.com/191x100.png/cc0000/ffffff,$24.18,60,38
39,lorem,http://dummyimage.com/124x100.png/ff4444/ffffff,$40.55,82,39
40,velit id,http://dummyimage.com/103x100.png/ff4444/ffffff,$2.89,72,40
41,leo odio,http://dummyimage.com/230x100.png/ff4444/ffffff,$18.08,30,41
42,posuere felis,http://dummyimage.com/151x100.png/cc0000/ffffff,$16.97,83,42
43,sagittis,http://dummyimage.com/228x100.png/5fa2dd/ffffff,$24.29,23,43
44,sed,http://dummyimage.com/154x100.png/ff4444/ffffff,$29.35,32,44
45,consectetuer adipiscing,http://dummyimage.com/177x100.png/cc0000/ffffff,$40.24,22,45
46,et ultrices,http://dummyimage.com/163x100.png/cc0000/ffffff,$38.06,39,46
47,morbi,http://dummyimage.com/244x100.png/5fa2dd/ffffff,$23.40,25,47
48,quisque,http://dummyimage.com/114x100.png/dddddd/000000,$3.99,1,48
49,sed magna,http://dummyimage.com/238x100.png/ff4444/ffffff,$37.42,48,49
50,velit,http://dummyimage.com/117x100.png/ff4444/ffffff,$8.17,25,50
51,consequat,http://dummyimage.com/192x100.png/dddddd/000000,$3.22,43,51
52,mauris enim,http://dummyimage.com/182x100.png/5fa2dd/ffffff,$45.34,98,52
53,amet consectetuer,http://dummyimage.com/186x100.png/5fa2dd/ffffff,$25.99,44,53
54,libero quis,http://dummyimage.com/244x100.png/cc0000/ffffff,$27.13,97,54
55,at nulla,http://dummyimage.com/200x100.png/dddddd/000000,$29.66,15,55
56,hac habitasse,http://dummyimage.com/190x100.png/ff4444/ffffff,$29.14,31,56
57,risus,http://dummyimage.com/236x100.png/5fa2dd/ffffff,$47.77,9,57
58,convallis,http://dummyimage.com/234x100.png/dddddd/000000,$34.56,83,58
59,cubilia curae,http://dummyimage.com/244x100.png/cc0000/ffffff,$43.22,82,59
60,tempus sit,http://dummyimage.com/207x100.png/cc0000/ffffff,$22.92,83,60
61,dapibus,http://dummyimage.com/127x100.png/cc0000/ffffff,$22.96,58,61
62,quis odio,http://dummyimage.com/226x100.png/dddddd/000000,$22.63,15,62
63,diam,http://dummyimage.com/188x100.png/ff4444/ffffff,$11.37,80,63
64,habitasse platea,http://dummyimage.com/218x100.png/cc0000/ffffff,$46.71,38,64
65,nunc,http://dummyimage.com/162x100.png/5fa2dd/ffffff,$49.81,37,65
66,rutrum,http://dummyimage.com/142x100.png/5fa2dd/ffffff,$2.14,87,66
67,odio,http://dummyimage.com/108x100.png/5fa2dd/ffffff,$39.17,33,67
68,sit amet,http://dummyimage.com/176x100.png/dddddd/000000,$1.85,80,68
69,duis ac,http://dummyimage.com/198x100.png/dddddd/000000,$29.23,96,69
70,eu,http://dummyimage.com/227x100.png/ff4444/ffffff,$16.66,73,70
71,eget rutrum,http://dummyimage.com/182x100.png/dddddd/000000,$39.53,25,71
72,a odio,http://dummyimage.com/165x100.png/5fa2dd/ffffff,$28.07,16,72
73,sem praesent,http://dummyimage.com/188x100.png/dddddd/000000,$5.91,8,73
74,duis mattis,http://dummyimage.com/103x100.png/5fa2dd/ffffff,$2.34,28,74
75,sodales,http://dummyimage.com/249x100.png/cc0000/ffffff,$20.29,99,75
76,consequat,http://dummyimage.com/132x100.png/5fa2dd/ffffff,$30.48,41,76
77,at,http://dummyimage.com/137x100.png/5fa2dd/ffffff,$24.91,6,77
78,lacinia nisi,http://dummyimage.com/119x100.png/cc0000/ffffff,$4.63,50,78
79,ligula,http://dummyimage.com/127x100.png/ff4444/ffffff,$44.61,13,79
80,parturient,http://dummyimage.com/188x100.png/ff4444/ffffff,$45.56,54,80
81,molestie lorem,http://dummyimage.com/139x100.png/ff4444/ffffff,$18.61,47,81
82,rutrum,http://dummyimage.com/211x100.png/ff4444/ffffff,$49.31,56,82
83,faucibus,http://dummyimage.com/225x100.png/5fa2dd/ffffff,$44.00,4,83
84,in,http://dummyimage.com/168x100.png/cc0000/ffffff,$41.82,65,84
85,vivamus vestibulum,http://dummyimage.com/200x100.png/ff4444/ffffff,$47.08,62,85
86,augue,http://dummyimage.com/163x100.png/cc0000/ffffff,$12.62,76,86
87,curae mauris,http://dummyimage.com/106x100.png/dddddd/000000,$45.09,92,87
88,eget vulputate,http://dummyimage.com/160x100.png/dddddd/000000,$24.75,54,88
89,lacus,http://dummyimage.com/227x100.png/ff4444/ffffff,$34.34,58,89
90,cras mi,http://dummyimage.com/111x100.png/5fa2dd/ffffff,$8.65,6,90
91,vel,http://dummyimage.com/129x100.png/cc0000/ffffff,$2.02,28,91
92,vestibulum,http://dummyimage.com/250x100.png/ff4444/ffffff,$39.91,55,92
93,ultrices posuere,http://dummyimage.com/118x100.png/ff4444/ffffff,$46.49,67,93
94,elementum,http://dummyimage.com/231x100.png/cc0000/ffffff,$32.51,14,94
95,rhoncus dui,http://dummyimage.com/132x100.png/cc0000/ffffff,$46.92,56,95
96,condimentum neque,http://dummyimage.com/124x100.png/dddddd/000000,$37.80,21,96
97,placerat,http://dummyimage.com/237x100.png/cc0000/ffffff,$41.82,93,97
98,dapibus duis,http://dummyimage.com/214x100.png/cc0000/ffffff,$15.04,20,98
99,turpis,http://dummyimage.com/225x100.png/ff4444/ffffff,$3.98,81,99
100,consectetuer,http://dummyimage.com/188x100.png/dddddd/000000,$2.28,50,100
101,eleifend luctus,http://dummyimage.com/146x100.png/ff4444/ffffff,$33.63,1,101
102,morbi,http://dummyimage.com/155x100.png/dddddd/000000,$30.56,64,102
103,justo,http://dummyimage.com/222x100.png/dddddd/000000,$7.37,38,103
104,mauris,http://dummyimage.com/233x100.png/5fa2dd/ffffff,$9.50,30,104
105,nunc proin,http://dummyimage.com/169x100.png/dddddd/000000,$36.99,27,105
106,odio,http://dummyimage.com/148x100.png/5fa2dd/ffffff,$42.42,65,106
107,orci mauris,http://dummyimage.com/111x100.png/dddddd/000000,$15.79,5,107
108,duis,http://dummyimage.com/230x100.png/ff4444/ffffff,$23.62,26,108
109,hac habitasse,http://dummyimage.com/229x100.png/cc0000/ffffff,$16.01,78,109
110,eget rutrum,http://dummyimage.com/221x100.png/cc0000/ffffff,$17.98,44,110
111,blandit nam,http://dummyimage.com/191x100.png/5fa2dd/ffffff,$26.59,4,111
112,sodales,http://dummyimage.com/204x100.png/5fa2dd/ffffff,$23.77,98,112
113,orci,http://dummyimage.com/123x100.png/cc0000/ffffff,$27.25,63,113
114,quam a,http://dummyimage.com/137x100.png/dddddd/000000,$31.93,24,114
115,felis,http://dummyimage.com/137x100.png/dddddd/000000,$18.47,28,115
116,enim lorem,http://dummyimage.com/225x100.png/5fa2dd/ffffff,$13.27,50,116
117,amet eros,http://dummyimage.com/247x100.png/cc0000/ffffff,$40.75,88,117
118,porttitor,http://dummyimage.com/250x100.png/cc0000/ffffff,$42.73,78,118
119,nulla suspendisse,http://dummyimage.com/121x100.png/dddddd/000000,$23.79,31,119
120,aliquam,http://dummyimage.com/140x100.png/dddddd/000000,$21.02,9,120
121,iaculis,http://dummyimage.com/144x100.png/cc0000/ffffff,$20.35,99,121
122,augue a,http://dummyimage.com/246x100.png/5fa2dd/ffffff,$37.83,100,122
123,turpis,http://dummyimage.com/191x100.png/ff4444/ffffff,$8.97,69,123
124,consequat morbi,http://dummyimage.com/113x100.png/cc0000/ffffff,$20.90,50,124
125,at nunc,http://dummyimage.com/112x100.png/ff4444/ffffff,$11.02,98,125
126,metus,http://dummyimage.com/239x100.png/ff4444/ffffff,$31.20,27,126
127,sed,http://dummyimage.com/231x100.png/cc0000/ffffff,$17.24,44,127
128,nunc purus,http://dummyimage.com/212x100.png/ff4444/ffffff,$19.68,6,128
129,auctor gravida,http://dummyimage.com/183x100.png/cc0000/ffffff,$14.85,29,129
130,venenatis,http://dummyimage.com/138x100.png/cc0000/ffffff,$48.90,90,130
131,lectus,http://dummyimage.com/227x100.png/cc0000/ffffff,$48.26,42,131
132,in hac,http://dummyimage.com/223x100.png/cc0000/ffffff,$26.74,97,132
133,ut odio,http://dummyimage.com/156x100.png/cc0000/ffffff,$10.33,82,133
134,commodo,http://dummyimage.com/201x100.png/cc0000/ffffff,$42.97,80,134
135,rhoncus aliquam,http://dummyimage.com/157x100.png/ff4444/ffffff,$13.40,95,135
136,commodo placerat,http://dummyimage.com/191x100.png/dddddd/000000,$3.89,14,136
137,pede posuere,http://dummyimage.com/195x100.png/cc0000/ffffff,$43.73,93,137
138,id,http://dummyimage.com/205x100.png/dddddd/000000,$23.14,51,138
139,platea dictumst,http://dummyimage.com/224x100.png/ff4444/ffffff,$7.72,41,139
140,rhoncus dui,http://dummyimage.com/238x100.png/cc0000/ffffff,$31.02,34,140
141,aliquam erat,http://dummyimage.com/119x100.png/ff4444/ffffff,$25.59,8,141
142,aenean,http://dummyimage.com/117x100.png/cc0000/ffffff,$12.51,47,142
143,ipsum,http://dummyimage.com/180x100.png/cc0000/ffffff,$38.46,70,143
144,curae donec,http://dummyimage.com/188x100.png/cc0000/ffffff,$18.55,37,144
145,id turpis,http://dummyimage.com/133x100.png/cc0000/ffffff,$26.65,30,145
146,ipsum primis,http://dummyimage.com/163x100.png/5fa2dd/ffffff,$20.77,3,146
147,arcu sed,http://dummyimage.com/219x100.png/5fa2dd/ffffff,$14.08,68,147
148,primis,http://dummyimage.com/105x100.png/dddddd/000000,$15.27,57,148
149,luctus et,http://dummyimage.com/230x100.png/cc0000/ffffff,$9.43,21,149
150,aenean,http://dummyimage.com/120x100.png/dddddd/000000,$16.99,91,150
151,ut,http://dummyimage.com/141x100.png/dddddd/000000,$36.29,85,151
152,hac,http://dummyimage.com/111x100.png/dddddd/000000,$28.19,29,152
153,vel,http://dummyimage.com/182x100.png/5fa2dd/ffffff,$37.13,33,153
154,congue etiam,http://dummyimage.com/186x100.png/cc0000/ffffff,$30.29,74,154
155,turpis elementum,http://dummyimage.com/205x100.png/dddddd/000000,$47.69,44,155
156,vitae consectetuer,http://dummyimage.com/147x100.png/cc0000/ffffff,$43.53,30,156
157,odio,http://dummyimage.com/117x100.png/5fa2dd/ffffff,$19.98,98,157
158,massa donec,http://dummyimage.com/148x100.png/dddddd/000000,$33.78,64,158
159,cras,http://dummyimage.com/147x100.png/5fa2dd/ffffff,$5.64,29,159
160,diam,http://dummyimage.com/124x100.png/cc0000/ffffff,$47.85,87,160
161,elementum in,http://dummyimage.com/199x100.png/5fa2dd/ffffff,$20.70,32,161
162,dignissim,http://dummyimage.com/163x100.png/ff4444/ffffff,$22.68,97,162
163,volutpat,http://dummyimage.com/144x100.png/ff4444/ffffff,$23.21,16,163
164,convallis eget,http://dummyimage.com/140x100.png/cc0000/ffffff,$40.84,21,164
165,odio consequat,http://dummyimage.com/237x100.png/cc0000/ffffff,$45.78,46,165
166,condimentum id,http://dummyimage.com/157x100.png/5fa2dd/ffffff,$34.48,85,166
167,suspendisse,http://dummyimage.com/244x100.png/dddddd/000000,$25.91,34,167
168,sociis natoque,http://dummyimage.com/213x100.png/ff4444/ffffff,$39.11,82,168
169,nisi volutpat,http://dummyimage.com/195x100.png/5fa2dd/ffffff,$29.18,94,169
170,luctus ultricies,http://dummyimage.com/172x100.png/5fa2dd/ffffff,$35.00,2,170
171,luctus et,http://dummyimage.com/192x100.png/dddddd/000000,$24.45,32,171
172,iaculis,http://dummyimage.com/202x100.png/dddddd/000000,$35.58,18,172
173,justo,http://dummyimage.com/201x100.png/5fa2dd/ffffff,$26.43,16,173
174,sed,http://dummyimage.com/136x100.png/dddddd/000000,$40.29,50,174
175,cum,http://dummyimage.com/177x100.png/ff4444/ffffff,$12.09,21,175
176,pede venenatis,http://dummyimage.com/177x100.png/dddddd/000000,$3.50,35,176
177,molestie hendrerit,http://dummyimage.com/193x100.png/ff4444/ffffff,$35.30,70,177
178,dapibus,http://dummyimage.com/240x100.png/5fa2dd/ffffff,$3.74,63,178
179,tellus,http://dummyimage.com/167x100.png/ff4444/ffffff,$23.12,47,179
180,lobortis sapien,http://dummyimage.com/169x100.png/ff4444/ffffff,$32.80,86,180
181,convallis duis,http://dummyimage.com/215x100.png/ff4444/ffffff,$48.88,82,181
182,cursus,http://dummyimage.com/158x100.png/5fa2dd/ffffff,$43.96,88,182
183,sollicitudin,http://dummyimage.com/198x100.png/dddddd/000000,$32.16,26,183
184,tortor,http://dummyimage.com/115x100.png/dddddd/000000,$45.86,29,184
185,eleifend luctus,http://dummyimage.com/120x100.png/5fa2dd/ffffff,$40.58,87,185
186,ligula,http://dummyimage.com/160x100.png/dddddd/000000,$36.07,35,186
187,ac,http://dummyimage.com/215x100.png/dddddd/000000,$48.44,19,187
188,nisi,http://dummyimage.com/101x100.png/dddddd/000000,$46.39,41,188
189,aliquam,http://dummyimage.com/156x100.png/5fa2dd/ffffff,$22.13,33,189
190,nonummy maecenas,http://dummyimage.com/217x100.png/5fa2dd/ffffff,$45.37,72,190
191,morbi odio,http://dummyimage.com/176x100.png/5fa2dd/ffffff,$33.25,78,191
192,amet,http://dummyimage.com/186x100.png/dddddd/000000,$8.80,97,192
193,ipsum primis,http://dummyimage.com/128x100.png/dddddd/000000,$1.49,74,193
194,urna pretium,http://dummyimage.com/250x100.png/ff4444/ffffff,$42.37,85,194
195,pretium,http://dummyimage.com/224x100.png/dddddd/000000,$49.54,13,195
196,est,http://dummyimage.com/178x100.png/5fa2dd/ffffff,$22.13,1,196
197,vitae,http://dummyimage.com/198x100.png/cc0000/ffffff,$16.67,64,197
198,in,http://dummyimage.com/131x100.png/dddddd/000000,$9.70,48,198
199,rutrum nulla,http://dummyimage.com/187x100.png/ff4444/ffffff,$34.29,54,199
200,nunc nisl,http://dummyimage.com/142x100.png/ff4444/ffffff,$27.87,48,200
201,fusce consequat,http://dummyimage.com/181x100.png/ff4444/ffffff,$48.38,69,201
202,vitae,http://dummyimage.com/249x100.png/ff4444/ffffff,$9.71,45,202
203,velit donec,http://dummyimage.com/150x100.png/5fa2dd/ffffff,$13.24,71,203
204,sit amet,http://dummyimage.com/203x100.png/5fa2dd/ffffff,$18.51,27,204
205,viverra pede,http://dummyimage.com/245x100.png/5fa2dd/ffffff,$49.99,63,205
206,a nibh,http://dummyimage.com/129x100.png/cc0000/ffffff,$18.71,28,206
207,habitasse platea,http://dummyimage.com/196x100.png/5fa2dd/ffffff,$17.05,32,207
208,leo odio,http://dummyimage.com/149x100.png/5fa2dd/ffffff,$46.77,45,208
209,id,http://dummyimage.com/168x100.png/cc0000/ffffff,$29.02,76,209
210,sit amet,http://dummyimage.com/135x100.png/5fa2dd/ffffff,$4.20,99,210
211,sed interdum,http://dummyimage.com/107x100.png/dddddd/000000,$22.12,49,211
212,vestibulum,http://dummyimage.com/245x100.png/ff4444/ffffff,$49.66,78,212
213,lacus,http://dummyimage.com/234x100.png/dddddd/000000,$20.67,29,213
214,venenatis tristique,http://dummyimage.com/120x100.png/dddddd/000000,$45.62,15,214
215,odio,http://dummyimage.com/208x100.png/ff4444/ffffff,$43.78,8,215
216,pellentesque,http://dummyimage.com/153x100.png/cc0000/ffffff,$32.46,76,216
217,nulla dapibus,http://dummyimage.com/222x100.png/cc0000/ffffff,$10.61,88,217
218,in porttitor,http://dummyimage.com/230x100.png/5fa2dd/ffffff,$24.70,60,218
219,montes nascetur,http://dummyimage.com/151x100.png/5fa2dd/ffffff,$31.49,56,219
220,mauris,http://dummyimage.com/134x100.png/cc0000/ffffff,$40.85,97,220
221,velit donec,http://dummyimage.com/168x100.png/5fa2dd/ffffff,$7.77,33,221
222,dapibus dolor,http://dummyimage.com/168x100.png/ff4444/ffffff,$44.86,64,222
223,elementum,http://dummyimage.com/223x100.png/dddddd/000000,$6.76,54,223
224,habitasse platea,http://dummyimage.com/206x100.png/5fa2dd/ffffff,$38.76,85,224
225,odio in,http://dummyimage.com/214x100.png/dddddd/000000,$46.98,19,225
226,est donec,http://dummyimage.com/213x100.png/dddddd/000000,$30.18,90,226
227,at,http://dummyimage.com/117x100.png/ff4444/ffffff,$31.01,7,227
228,viverra pede,http://dummyimage.com/168x100.png/ff4444/ffffff,$17.29,55,228
229,lorem id,http://dummyimage.com/152x100.png/cc0000/ffffff,$44.11,42,229
230,sed justo,http://dummyimage.com/105x100.png/ff4444/ffffff,$39.00,58,230
231,dapibus duis,http://dummyimage.com/215x100.png/dddddd/000000,$7.56,80,231
232,sit,http://dummyimage.com/229x100.png/cc0000/ffffff,$49.45,63,232
233,elit,http://dummyimage.com/172x100.png/5fa2dd/ffffff,$48.19,30,233
234,tristique in,http://dummyimage.com/180x100.png/5fa2dd/ffffff,$42.87,70,234
235,nec euismod,http://dummyimage.com/204x100.png/ff4444/ffffff,$42.30,34,235
236,et ultrices,http://dummyimage.com/228x100.png/ff4444/ffffff,$4.01,11,236
237,ut,http://dummyimage.com/139x100.png/cc0000/ffffff,$33.32,63,237
238,posuere,http://dummyimage.com/101x100.png/dddddd/000000,$22.12,15,238
239,posuere nonummy,http://dummyimage.com/181x100.png/dddddd/000000,$30.93,31,239
240,sed,http://dummyimage.com/159x100.png/ff4444/ffffff,$3.77,12,240
241,justo maecenas,http://dummyimage.com/183x100.png/5fa2dd/ffffff,$25.78,96,241
242,enim,http://dummyimage.com/164x100.png/ff4444/ffffff,$25.75,60,242
243,erat id,http://dummyimage.com/106x100.png/dddddd/000000,$30.17,51,243
244,eget,http://dummyimage.com/115x100.png/cc0000/ffffff,$18.23,50,244
245,pellentesque,http://dummyimage.com/165x100.png/dddddd/000000,$39.24,91,245
246,mus,http://dummyimage.com/132x100.png/dddddd/000000,$47.03,10,246
247,justo,http://dummyimage.com/111x100.png/5fa2dd/ffffff,$8.58,92,247
248,ipsum primis,http://dummyimage.com/228x100.png/5fa2dd/ffffff,$3.27,19,248
249,tortor id,http://dummyimage.com/188x100.png/cc0000/ffffff,$15.26,88,249
250,id ligula,http://dummyimage.com/189x100.png/ff4444/ffffff,$42.46,85,250
251,vel,http://dummyimage.com/118x100.png/dddddd/000000,$36.99,58,251
252,posuere nonummy,http://dummyimage.com/134x100.png/dddddd/000000,$37.70,33,252
253,purus sit,http://dummyimage.com/159x100.png/cc0000/ffffff,$6.72,79,253
254,habitasse,http://dummyimage.com/226x100.png/5fa2dd/ffffff,$24.68,51,254
255,nullam molestie,http://dummyimage.com/121x100.png/ff4444/ffffff,$37.61,42,255
256,ut,http://dummyimage.com/133x100.png/cc0000/ffffff,$15.80,39,256
257,eget rutrum,http://dummyimage.com/223x100.png/ff4444/ffffff,$36.98,15,257
258,rhoncus mauris,http://dummyimage.com/139x100.png/dddddd/000000,$19.00,84,258
259,morbi,http://dummyimage.com/117x100.png/5fa2dd/ffffff,$6.20,86,259
260,feugiat non,http://dummyimage.com/204x100.png/5fa2dd/ffffff,$43.17,29,260
261,parturient,http://dummyimage.com/219x100.png/5fa2dd/ffffff,$7.80,5,261
262,libero non,http://dummyimage.com/151x100.png/5fa2dd/ffffff,$16.59,44,262
263,a pede,http://dummyimage.com/111x100.png/cc0000/ffffff,$21.07,86,263
264,non mi,http://dummyimage.com/115x100.png/cc0000/ffffff,$16.26,74,264
265,pellentesque,http://dummyimage.com/184x100.png/dddddd/000000,$28.56,12,265
266,parturient montes,http://dummyimage.com/246x100.png/cc0000/ffffff,$18.58,67,266
267,duis mattis,http://dummyimage.com/135x100.png/cc0000/ffffff,$34.73,68,267
268,sapien,http://dummyimage.com/226x100.png/cc0000/ffffff,$43.77,71,268
269,leo maecenas,http://dummyimage.com/173x100.png/dddddd/000000,$11.65,41,269
270,nulla facilisi,http://dummyimage.com/132x100.png/cc0000/ffffff,$40.16,73,270
271,sapien,http://dummyimage.com/177x100.png/5fa2dd/ffffff,$17.77,91,271
272,quis,http://dummyimage.com/166x100.png/ff4444/ffffff,$16.44,56,272
273,mauris,http://dummyimage.com/153x100.png/dddddd/000000,$8.24,77,273
274,ac,http://dummyimage.com/136x100.png/dddddd/000000,$31.51,48,274
275,tristique,http://dummyimage.com/230x100.png/ff4444/ffffff,$25.58,57,275
276,cursus vestibulum,http://dummyimage.com/182x100.png/dddddd/000000,$44.00,30,276
277,pede,http://dummyimage.com/243x100.png/cc0000/ffffff,$5.84,5,277
278,congue,http://dummyimage.com/129x100.png/5fa2dd/ffffff,$20.62,69,278
279,eu felis,http://dummyimage.com/215x100.png/5fa2dd/ffffff,$45.93,34,279
280,at velit,http://dummyimage.com/241x100.png/ff4444/ffffff,$28.57,17,280
281,vestibulum sagittis,http://dummyimage.com/213x100.png/dddddd/000000,$32.99,16,281
282,turpis,http://dummyimage.com/164x100.png/ff4444/ffffff,$10.68,88,282
283,donec semper,http://dummyimage.com/250x100.png/ff4444/ffffff,$17.18,33,283
284,at feugiat,http://dummyimage.com/137x100.png/dddddd/000000,$36.70,3,284
285,purus eu,http://dummyimage.com/138x100.png/dddddd/000000,$34.62,22,285
286,id,http://dummyimage.com/223x100.png/cc0000/ffffff,$23.66,36,286
287,donec,http://dummyimage.com/227x100.png/dddddd/000000,$39.43,5,287
288,viverra dapibus,http://dummyimage.com/116x100.png/cc0000/ffffff,$12.85,38,288
289,dictumst,http://dummyimage.com/225x100.png/ff4444/ffffff,$42.69,27,289
290,lectus in,http://dummyimage.com/152x100.png/ff4444/ffffff,$31.88,85,290
291,porttitor id,http://dummyimage.com/200x100.png/5fa2dd/ffffff,$18.70,17,291
292,porttitor lacus,http://dummyimage.com/149x100.png/cc0000/ffffff,$21.32,64,292
293,ante vestibulum,http://dummyimage.com/172x100.png/5fa2dd/ffffff,$12.45,52,293
294,aenean,http://dummyimage.com/250x100.png/cc0000/ffffff,$35.32,13,294
295,rhoncus,http://dummyimage.com/244x100.png/cc0000/ffffff,$10.12,76,295
296,tempor,http://dummyimage.com/236x100.png/5fa2dd/ffffff,$20.70,67,296
297,at turpis,http://dummyimage.com/126x100.png/dddddd/000000,$7.28,15,297
298,consequat in,http://dummyimage.com/121x100.png/cc0000/ffffff,$5.46,19,298
299,sed augue,http://dummyimage.com/225x100.png/5fa2dd/ffffff,$33.55,79,299
300,in faucibus,http://dummyimage.com/134x100.png/5fa2dd/ffffff,$12.96,41,300
301,ac,http://dummyimage.com/144x100.png/5fa2dd/ffffff,$30.77,13,301
302,justo,http://dummyimage.com/158x100.png/dddddd/000000,$3.97,65,302
303,pulvinar nulla,http://dummyimage.com/163x100.png/cc0000/ffffff,$18.39,71,303
304,purus,http://dummyimage.com/122x100.png/cc0000/ffffff,$37.85,59,304
305,pretium,http://dummyimage.com/118x100.png/dddddd/000000,$21.30,4,305
306,vel lectus,http://dummyimage.com/119x100.png/cc0000/ffffff,$13.90,88,306
307,lobortis,http://dummyimage.com/132x100.png/dddddd/000000,$25.96,25,307
308,fusce lacus,http://dummyimage.com/169x100.png/ff4444/ffffff,$30.24,46,308
309,nisl venenatis,http://dummyimage.com/176x100.png/ff4444/ffffff,$10.17,98,309
310,fusce posuere,http://dummyimage.com/249x100.png/5fa2dd/ffffff,$46.42,18,310
311,aliquam,http://dummyimage.com/219x100.png/5fa2dd/ffffff,$41.18,36,311
312,in,http://dummyimage.com/142x100.png/5fa2dd/ffffff,$5.82,29,312
313,congue,http://dummyimage.com/222x100.png/5fa2dd/ffffff,$45.66,21,313
314,id,http://dummyimage.com/104x100.png/dddddd/000000,$25.16,26,314
315,mauris lacinia,http://dummyimage.com/237x100.png/ff4444/ffffff,$7.04,30,315
316,eros,http://dummyimage.com/180x100.png/cc0000/ffffff,$5.69,21,316
317,amet,http://dummyimage.com/114x100.png/5fa2dd/ffffff,$32.39,19,317
318,in faucibus,http://dummyimage.com/222x100.png/dddddd/000000,$38.29,68,318
319,platea dictumst,http://dummyimage.com/101x100.png/ff4444/ffffff,$49.30,1,319
320,nibh,http://dummyimage.com/115x100.png/cc0000/ffffff,$35.84,12,320
321,dui,http://dummyimage.com/142x100.png/dddddd/000000,$33.80,13,321
322,vestibulum,http://dummyimage.com/104x100.png/dddddd/000000,$17.85,96,322
323,venenatis turpis,http://dummyimage.com/163x100.png/5fa2dd/ffffff,$26.47,43,323
324,donec,http://dummyimage.com/191x100.png/5fa2dd/ffffff,$48.32,87,324
325,tincidunt eu,http://dummyimage.com/186x100.png/dddddd/000000,$7.84,49,325
326,habitasse,http://dummyimage.com/197x100.png/dddddd/000000,$47.27,6,326
327,diam id,http://dummyimage.com/204x100.png/5fa2dd/ffffff,$22.41,78,327
328,fringilla rhoncus,http://dummyimage.com/121x100.png/cc0000/ffffff,$1.69,19,328
329,posuere,http://dummyimage.com/210x100.png/dddddd/000000,$34.29,48,329
330,aliquet massa,http://dummyimage.com/129x100.png/cc0000/ffffff,$39.11,94,330
331,aenean,http://dummyimage.com/204x100.png/dddddd/000000,$28.15,9,331
332,sapien,http://dummyimage.com/192x100.png/ff4444/ffffff,$16.55,42,332
333,id,http://dummyimage.com/112x100.png/5fa2dd/ffffff,$32.79,13,333
334,parturient,http://dummyimage.com/172x100.png/ff4444/ffffff,$13.67,93,334
335,gravida sem,http://dummyimage.com/216x100.png/dddddd/000000,$19.24,17,335
336,vestibulum ante,http://dummyimage.com/221x100.png/cc0000/ffffff,$16.22,85,336
337,in,http://dummyimage.com/164x100.png/ff4444/ffffff,$34.70,75,337
338,dui,http://dummyimage.com/148x100.png/cc0000/ffffff,$36.99,9,338
339,lectus in,http://dummyimage.com/177x100.png/5fa2dd/ffffff,$30.54,66,339
340,sed ante,http://dummyimage.com/225x100.png/5fa2dd/ffffff,$46.77,50,340
341,nunc vestibulum,http://dummyimage.com/244x100.png/cc0000/ffffff,$46.84,98,341
342,pretium,http://dummyimage.com/173x100.png/dddddd/000000,$27.60,42,342
343,pretium,http://dummyimage.com/177x100.png/5fa2dd/ffffff,$42.43,6,343
344,in,http://dummyimage.com/127x100.png/cc0000/ffffff,$17.23,95,344
345,risus semper,http://dummyimage.com/208x100.png/cc0000/ffffff,$22.98,10,345
346,phasellus in,http://dummyimage.com/223x100.png/dddddd/000000,$47.41,26,346
347,id mauris,http://dummyimage.com/111x100.png/cc0000/ffffff,$10.35,75,347
348,pede lobortis,http://dummyimage.com/192x100.png/ff4444/ffffff,$40.61,64,348
349,vel est,http://dummyimage.com/155x100.png/ff4444/ffffff,$39.07,4,349
350,viverra pede,http://dummyimage.com/229x100.png/ff4444/ffffff,$17.81,35,350
351,donec,http://dummyimage.com/112x100.png/5fa2dd/ffffff,$9.24,14,351
352,vel nisl,http://dummyimage.com/248x100.png/cc0000/ffffff,$18.70,83,352
353,eget,http://dummyimage.com/204x100.png/5fa2dd/ffffff,$28.63,26,353
354,eu,http://dummyimage.com/165x100.png/ff4444/ffffff,$44.70,93,354
355,amet sapien,http://dummyimage.com/118x100.png/dddddd/000000,$38.94,21,355
356,amet,http://dummyimage.com/185x100.png/ff4444/ffffff,$48.44,23,356
357,lobortis convallis,http://dummyimage.com/192x100.png/dddddd/000000,$5.02,22,357
358,egestas metus,http://dummyimage.com/245x100.png/dddddd/000000,$39.83,36,358
359,commodo vulputate,http://dummyimage.com/182x100.png/ff4444/ffffff,$29.97,74,359
360,eget orci,http://dummyimage.com/250x100.png/cc0000/ffffff,$28.47,48,360
361,et ultrices,http://dummyimage.com/239x100.png/cc0000/ffffff,$18.92,51,361
362,vestibulum,http://dummyimage.com/150x100.png/5fa2dd/ffffff,$25.42,53,362
363,augue a,http://dummyimage.com/167x100.png/cc0000/ffffff,$49.48,82,363
364,suspendisse accumsan,http://dummyimage.com/171x100.png/5fa2dd/ffffff,$37.79,92,364
365,sagittis nam,http://dummyimage.com/193x100.png/5fa2dd/ffffff,$12.86,78,365
366,donec,http://dummyimage.com/166x100.png/cc0000/ffffff,$5.52,73,366
367,quis,http://dummyimage.com/187x100.png/dddddd/000000,$2.55,31,367
368,sed,http://dummyimage.com/134x100.png/5fa2dd/ffffff,$19.04,24,368
369,metus,http://dummyimage.com/228x100.png/5fa2dd/ffffff,$10.90,42,369
370,pede malesuada,http://dummyimage.com/152x100.png/dddddd/000000,$5.68,99,370
371,amet,http://dummyimage.com/159x100.png/5fa2dd/ffffff,$23.85,21,371
372,eget orci,http://dummyimage.com/219x100.png/dddddd/000000,$45.39,56,372
373,dictumst,http://dummyimage.com/186x100.png/5fa2dd/ffffff,$36.35,7,373
374,amet,http://dummyimage.com/134x100.png/5fa2dd/ffffff,$28.33,31,374
375,in,http://dummyimage.com/150x100.png/cc0000/ffffff,$20.73,15,375
376,id nulla,http://dummyimage.com/150x100.png/5fa2dd/ffffff,$2.87,75,376
377,massa,http://dummyimage.com/225x100.png/dddddd/000000,$27.79,66,377
378,sed vel,http://dummyimage.com/249x100.png/dddddd/000000,$2.37,41,378
379,pretium,http://dummyimage.com/131x100.png/5fa2dd/ffffff,$32.00,79,379
380,aliquam erat,http://dummyimage.com/214x100.png/cc0000/ffffff,$17.89,14,380
381,vivamus in,http://dummyimage.com/124x100.png/cc0000/ffffff,$17.11,52,381
382,risus,http://dummyimage.com/233x100.png/5fa2dd/ffffff,$9.43,34,382
383,quis justo,http://dummyimage.com/201x100.png/dddddd/000000,$36.12,90,383
384,pharetra magna,http://dummyimage.com/114x100.png/ff4444/ffffff,$36.62,5,384
385,amet eros,http://dummyimage.com/208x100.png/cc0000/ffffff,$47.51,78,385
386,dui nec,http://dummyimage.com/187x100.png/ff4444/ffffff,$31.99,92,386
387,eleifend,http://dummyimage.com/220x100.png/5fa2dd/ffffff,$44.21,5,387
388,pretium,http://dummyimage.com/179x100.png/ff4444/ffffff,$13.53,53,388
389,rhoncus aliquam,http://dummyimage.com/159x100.png/dddddd/000000,$42.74,14,389
390,lobortis,http://dummyimage.com/124x100.png/dddddd/000000,$19.65,27,390
391,curabitur,http://dummyimage.com/148x100.png/dddddd/000000,$32.40,24,391
392,ipsum,http://dummyimage.com/112x100.png/cc0000/ffffff,$28.16,51,392
393,arcu,http://dummyimage.com/215x100.png/cc0000/ffffff,$24.69,48,393
394,placerat ante,http://dummyimage.com/100x100.png/5fa2dd/ffffff,$12.94,86,394
395,mauris enim,http://dummyimage.com/145x100.png/ff4444/ffffff,$19.55,36,395
396,cras,http://dummyimage.com/197x100.png/dddddd/000000,$49.52,19,396
397,est phasellus,http://dummyimage.com/146x100.png/dddddd/000000,$5.10,94,397
398,imperdiet,http://dummyimage.com/228x100.png/dddddd/000000,$6.48,30,398
399,mattis pulvinar,http://dummyimage.com/107x100.png/5fa2dd/ffffff,$7.07,10,399
400,sollicitudin vitae,http://dummyimage.com/189x100.png/ff4444/ffffff,$37.71,74,400
401,habitasse platea,http://dummyimage.com/204x100.png/5fa2dd/ffffff,$18.56,70,401
402,odio in,http://dummyimage.com/123x100.png/5fa2dd/ffffff,$26.85,78,402
403,non mi,http://dummyimage.com/136x100.png/5fa2dd/ffffff,$28.73,34,403
404,risus dapibus,http://dummyimage.com/170x100.png/ff4444/ffffff,$9.17,69,404
405,eget semper,http://dummyimage.com/129x100.png/5fa2dd/ffffff,$37.66,93,405
406,praesent blandit,http://dummyimage.com/179x100.png/dddddd/000000,$12.25,90,406
407,eget rutrum,http://dummyimage.com/228x100.png/5fa2dd/ffffff,$5.24,91,407
408,ut,http://dummyimage.com/197x100.png/ff4444/ffffff,$26.39,46,408
409,praesent,http://dummyimage.com/209x100.png/5fa2dd/ffffff,$2.71,14,409
410,in,http://dummyimage.com/205x100.png/dddddd/000000,$38.66,34,410
411,sapien a,http://dummyimage.com/228x100.png/dddddd/000000,$25.13,66,411
412,faucibus orci,http://dummyimage.com/161x100.png/ff4444/ffffff,$19.60,62,412
413,volutpat,http://dummyimage.com/242x100.png/5fa2dd/ffffff,$35.25,97,413
414,vulputate,http://dummyimage.com/231x100.png/dddddd/000000,$7.95,99,414
415,proin eu,http://dummyimage.com/163x100.png/5fa2dd/ffffff,$32.00,31,415
416,nec dui,http://dummyimage.com/150x100.png/5fa2dd/ffffff,$30.88,69,416
417,maecenas tristique,http://dummyimage.com/118x100.png/5fa2dd/ffffff,$25.40,91,417
418,donec,http://dummyimage.com/217x100.png/5fa2dd/ffffff,$11.74,74,418
419,potenti,http://dummyimage.com/193x100.png/dddddd/000000,$47.59,79,419
420,nulla quisque,http://dummyimage.com/124x100.png/cc0000/ffffff,$17.93,25,420
421,magnis dis,http://dummyimage.com/208x100.png/dddddd/000000,$48.76,88,421
422,rutrum,http://dummyimage.com/167x100.png/dddddd/000000,$29.46,42,422
423,maecenas,http://dummyimage.com/184x100.png/dddddd/000000,$10.13,27,423
424,varius,http://dummyimage.com/218x100.png/5fa2dd/ffffff,$16.58,19,424
425,lacus,http://dummyimage.com/151x100.png/5fa2dd/ffffff,$27.44,28,425
426,porta volutpat,http://dummyimage.com/161x100.png/cc0000/ffffff,$32.82,60,426
427,sollicitudin,http://dummyimage.com/174x100.png/5fa2dd/ffffff,$44.38,17,427
428,odio,http://dummyimage.com/129x100.png/5fa2dd/ffffff,$33.36,87,428
429,maecenas,http://dummyimage.com/157x100.png/5fa2dd/ffffff,$28.13,97,429
430,vestibulum,http://dummyimage.com/204x100.png/5fa2dd/ffffff,$48.63,90,430
431,nullam varius,http://dummyimage.com/235x100.png/cc0000/ffffff,$21.90,3,431
432,nullam porttitor,http://dummyimage.com/129x100.png/cc0000/ffffff,$37.58,32,432
433,mi,http://dummyimage.com/165x100.png/5fa2dd/ffffff,$36.60,34,433
434,nam ultrices,http://dummyimage.com/106x100.png/ff4444/ffffff,$26.34,21,434
435,platea,http://dummyimage.com/153x100.png/5fa2dd/ffffff,$35.03,15,435
436,amet erat,http://dummyimage.com/137x100.png/cc0000/ffffff,$22.37,64,436
437,consectetuer,http://dummyimage.com/207x100.png/ff4444/ffffff,$44.55,41,437
438,orci,http://dummyimage.com/239x100.png/cc0000/ffffff,$25.12,95,438
439,sapien non,http://dummyimage.com/222x100.png/cc0000/ffffff,$11.00,43,439
440,dapibus at,http://dummyimage.com/195x100.png/ff4444/ffffff,$14.24,96,440
441,orci,http://dummyimage.com/203x100.png/ff4444/ffffff,$23.18,7,441
442,curae nulla,http://dummyimage.com/216x100.png/dddddd/000000,$32.14,60,442
443,at turpis,http://dummyimage.com/185x100.png/cc0000/ffffff,$3.10,25,443
444,etiam,http://dummyimage.com/170x100.png/5fa2dd/ffffff,$25.82,62,444
445,tincidunt in,http://dummyimage.com/205x100.png/5fa2dd/ffffff,$11.81,65,445
446,eros,http://dummyimage.com/120x100.png/5fa2dd/ffffff,$18.69,26,446
447,nam,http://dummyimage.com/116x100.png/5fa2dd/ffffff,$11.22,4,447
448,praesent,http://dummyimage.com/248x100.png/cc0000/ffffff,$29.16,66,448
449,placerat,http://dummyimage.com/229x100.png/5fa2dd/ffffff,$22.29,55,449
450,curae,http://dummyimage.com/159x100.png/cc0000/ffffff,$36.19,90,450
451,et,http://dummyimage.com/249x100.png/cc0000/ffffff,$24.50,59,451
452,enim lorem,http://dummyimage.com/237x100.png/ff4444/ffffff,$5.97,44,452
453,porttitor lorem,http://dummyimage.com/170x100.png/5fa2dd/ffffff,$39.36,90,453
454,faucibus,http://dummyimage.com/147x100.png/ff4444/ffffff,$28.83,94,454
455,amet justo,http://dummyimage.com/171x100.png/cc0000/ffffff,$44.31,5,455
456,pretium iaculis,http://dummyimage.com/228x100.png/5fa2dd/ffffff,$18.57,62,456
457,lorem,http://dummyimage.com/211x100.png/ff4444/ffffff,$28.52,9,457
458,faucibus orci,http://dummyimage.com/183x100.png/5fa2dd/ffffff,$45.91,51,458
459,odio elementum,http://dummyimage.com/162x100.png/cc0000/ffffff,$4.30,76,459
460,maecenas tincidunt,http://dummyimage.com/202x100.png/dddddd/000000,$37.72,60,460
461,varius nulla,http://dummyimage.com/173x100.png/cc0000/ffffff,$42.31,57,461
462,id luctus,http://dummyimage.com/173x100.png/ff4444/ffffff,$26.61,60,462
463,amet,http://dummyimage.com/109x100.png/dddddd/000000,$2.84,30,463
464,nascetur ridiculus,http://dummyimage.com/138x100.png/dddddd/000000,$34.48,30,464
465,phasellus,http://dummyimage.com/141x100.png/ff4444/ffffff,$2.93,41,465
466,lobortis,http://dummyimage.com/214x100.png/cc0000/ffffff,$4.19,14,466
467,ligula suspendisse,http://dummyimage.com/103x100.png/cc0000/ffffff,$39.28,53,467
468,lectus,http://dummyimage.com/239x100.png/ff4444/ffffff,$16.09,99,468
469,eros,http://dummyimage.com/194x100.png/5fa2dd/ffffff,$45.77,86,469
470,in,http://dummyimage.com/218x100.png/dddddd/000000,$34.45,25,470
471,suspendisse potenti,http://dummyimage.com/157x100.png/ff4444/ffffff,$35.70,60,471
472,iaculis,http://dummyimage.com/156x100.png/dddddd/000000,$36.90,42,472
473,nascetur,http://dummyimage.com/232x100.png/ff4444/ffffff,$8.40,50,473
474,eros,http://dummyimage.com/151x100.png/cc0000/ffffff,$31.17,9,474
475,interdum venenatis,http://dummyimage.com/147x100.png/5fa2dd/ffffff,$10.65,47,475
476,amet diam,http://dummyimage.com/168x100.png/5fa2dd/ffffff,$28.44,9,476
477,ut at,http://dummyimage.com/114x100.png/cc0000/ffffff,$48.50,18,477
478,augue luctus,http://dummyimage.com/142x100.png/ff4444/ffffff,$6.63,22,478
479,pharetra magna,http://dummyimage.com/210x100.png/dddddd/000000,$13.66,77,479
480,in,http://dummyimage.com/104x100.png/cc0000/ffffff,$23.52,76,480
481,ridiculus,http://dummyimage.com/121x100.png/5fa2dd/ffffff,$19.39,14,481
482,penatibus,http://dummyimage.com/230x100.png/5fa2dd/ffffff,$43.40,58,482
483,odio,http://dummyimage.com/236x100.png/5fa2dd/ffffff,$8.02,21,483
484,nullam,http://dummyimage.com/189x100.png/cc0000/ffffff,$38.88,36,484
485,at velit,http://dummyimage.com/123x100.png/ff4444/ffffff,$42.50,25,485
486,risus,http://dummyimage.com/223x100.png/ff4444/ffffff,$6.52,39,486
487,id nulla,http://dummyimage.com/167x100.png/dddddd/000000,$10.56,75,487
488,luctus,http://dummyimage.com/177x100.png/dddddd/000000,$48.04,68,488
489,sed,http://dummyimage.com/138x100.png/ff4444/ffffff,$38.34,98,489
490,in sapien,http://dummyimage.com/180x100.png/5fa2dd/ffffff,$11.57,57,490
491,in,http://dummyimage.com/186x100.png/dddddd/000000,$21.30,86,491
492,placerat,http://dummyimage.com/184x100.png/cc0000/ffffff,$25.54,50,492
493,augue vestibulum,http://dummyimage.com/233x100.png/5fa2dd/ffffff,$1.55,69,493
494,fusce,http://dummyimage.com/166x100.png/5fa2dd/ffffff,$13.01,92,494
495,pretium iaculis,http://dummyimage.com/212x100.png/dddddd/000000,$3.07,93,495
496,augue,http://dummyimage.com/180x100.png/5fa2dd/ffffff,$15.20,67,496
497,mollis,http://dummyimage.com/172x100.png/ff4444/ffffff,$23.23,92,497
498,turpis adipiscing,http://dummyimage.com/133x100.png/dddddd/000000,$1.48,17,498
499,sed tristique,http://dummyimage.com/148x100.png/cc0000/ffffff,$39.33,34,499
500,elit,http://dummyimage.com/121x100.png/dddddd/000000,$11.97,58,500
501,aliquam convallis,http://dummyimage.com/185x100.png/ff4444/ffffff,$13.92,93,501
502,maecenas,http://dummyimage.com/130x100.png/ff4444/ffffff,$19.24,78,502
503,curabitur in,http://dummyimage.com/136x100.png/5fa2dd/ffffff,$42.33,7,503
504,morbi vel,http://dummyimage.com/127x100.png/ff4444/ffffff,$48.79,59,504
505,convallis duis,http://dummyimage.com/212x100.png/dddddd/000000,$31.72,7,505
506,sollicitudin,http://dummyimage.com/239x100.png/dddddd/000000,$16.86,99,506
507,amet,http://dummyimage.com/117x100.png/dddddd/000000,$42.53,1,507
508,convallis eget,http://dummyimage.com/125x100.png/5fa2dd/ffffff,$21.21,93,508
509,eu,http://dummyimage.com/103x100.png/5fa2dd/ffffff,$30.86,16,509
510,orci,http://dummyimage.com/141x100.png/5fa2dd/ffffff,$21.75,31,510
511,mattis,http://dummyimage.com/220x100.png/5fa2dd/ffffff,$25.90,7,511
512,sapien,http://dummyimage.com/102x100.png/ff4444/ffffff,$32.91,17,512
513,fermentum,http://dummyimage.com/139x100.png/dddddd/000000,$30.26,23,513
514,ligula pellentesque,http://dummyimage.com/191x100.png/dddddd/000000,$3.28,14,514
515,aliquam,http://dummyimage.com/185x100.png/ff4444/ffffff,$22.07,10,515
516,rhoncus,http://dummyimage.com/128x100.png/dddddd/000000,$23.34,32,516
517,sit,http://dummyimage.com/117x100.png/cc0000/ffffff,$38.51,69,517
518,tempor convallis,http://dummyimage.com/164x100.png/5fa2dd/ffffff,$12.51,60,518
519,id lobortis,http://dummyimage.com/221x100.png/cc0000/ffffff,$4.23,40,519
520,orci,http://dummyimage.com/184x100.png/5fa2dd/ffffff,$39.43,52,520
521,amet consectetuer,http://dummyimage.com/144x100.png/ff4444/ffffff,$14.83,34,521
522,risus,http://dummyimage.com/202x100.png/dddddd/000000,$12.51,15,522
523,diam,http://dummyimage.com/199x100.png/ff4444/ffffff,$38.45,60,523
524,sed,http://dummyimage.com/248x100.png/dddddd/000000,$20.39,78,524
525,nascetur ridiculus,http://dummyimage.com/162x100.png/ff4444/ffffff,$27.19,66,525
526,platea dictumst,http://dummyimage.com/190x100.png/ff4444/ffffff,$45.30,84,526
527,turpis integer,http://dummyimage.com/166x100.png/ff4444/ffffff,$1.44,25,527
528,posuere cubilia,http://dummyimage.com/120x100.png/5fa2dd/ffffff,$31.55,13,528
529,pede lobortis,http://dummyimage.com/180x100.png/ff4444/ffffff,$9.39,87,529
530,hac habitasse,http://dummyimage.com/142x100.png/5fa2dd/ffffff,$29.92,16,530
531,mauris,http://dummyimage.com/100x100.png/cc0000/ffffff,$28.42,39,531
532,in,http://dummyimage.com/226x100.png/dddddd/000000,$27.12,57,532
533,aliquet pulvinar,http://dummyimage.com/212x100.png/ff4444/ffffff,$31.13,44,533
534,erat,http://dummyimage.com/232x100.png/ff4444/ffffff,$10.78,9,534
535,lobortis,http://dummyimage.com/238x100.png/cc0000/ffffff,$45.08,26,535
536,mus,http://dummyimage.com/159x100.png/dddddd/000000,$6.58,36,536
537,justo,http://dummyimage.com/162x100.png/cc0000/ffffff,$2.15,72,537
538,pellentesque,http://dummyimage.com/158x100.png/cc0000/ffffff,$48.51,72,538
539,tincidunt eget,http://dummyimage.com/154x100.png/5fa2dd/ffffff,$9.49,56,539
540,cubilia,http://dummyimage.com/230x100.png/dddddd/000000,$7.12,42,540
541,integer aliquet,http://dummyimage.com/202x100.png/ff4444/ffffff,$38.41,97,541
542,luctus,http://dummyimage.com/178x100.png/cc0000/ffffff,$33.63,25,542
543,risus,http://dummyimage.com/170x100.png/dddddd/000000,$16.58,22,543
544,ipsum primis,http://dummyimage.com/186x100.png/5fa2dd/ffffff,$45.16,27,544
545,sapien sapien,http://dummyimage.com/197x100.png/cc0000/ffffff,$2.55,75,545
546,in,http://dummyimage.com/235x100.png/5fa2dd/ffffff,$22.56,30,546
547,vulputate justo,http://dummyimage.com/202x100.png/ff4444/ffffff,$12.16,69,547
548,nulla suspendisse,http://dummyimage.com/186x100.png/5fa2dd/ffffff,$49.01,9,548
549,lorem,http://dummyimage.com/145x100.png/5fa2dd/ffffff,$11.21,25,549
550,sit amet,http://dummyimage.com/131x100.png/cc0000/ffffff,$11.79,19,550
551,leo maecenas,http://dummyimage.com/207x100.png/ff4444/ffffff,$4.22,73,551
552,ultrices,http://dummyimage.com/144x100.png/ff4444/ffffff,$44.30,28,552
553,tortor id,http://dummyimage.com/118x100.png/ff4444/ffffff,$45.98,1,553
554,pede,http://dummyimage.com/122x100.png/5fa2dd/ffffff,$26.55,44,554
555,eget,http://dummyimage.com/232x100.png/dddddd/000000,$33.56,43,555
556,quam,http://dummyimage.com/141x100.png/ff4444/ffffff,$2.61,90,556
557,odio porttitor,http://dummyimage.com/124x100.png/5fa2dd/ffffff,$32.34,73,557
558,pretium,http://dummyimage.com/119x100.png/dddddd/000000,$45.45,35,558
559,habitasse platea,http://dummyimage.com/203x100.png/dddddd/000000,$3.06,10,559
560,in hac,http://dummyimage.com/195x100.png/cc0000/ffffff,$4.34,85,560
561,semper est,http://dummyimage.com/216x100.png/5fa2dd/ffffff,$3.08,86,561
562,faucibus accumsan,http://dummyimage.com/179x100.png/dddddd/000000,$41.16,64,562
563,eget,http://dummyimage.com/205x100.png/cc0000/ffffff,$14.16,87,563
564,turpis enim,http://dummyimage.com/180x100.png/dddddd/000000,$48.70,39,564
565,ridiculus mus,http://dummyimage.com/180x100.png/ff4444/ffffff,$8.08,13,565
566,suspendisse,http://dummyimage.com/133x100.png/ff4444/ffffff,$25.44,31,566
567,nibh fusce,http://dummyimage.com/232x100.png/5fa2dd/ffffff,$19.12,38,567
568,tristique,http://dummyimage.com/142x100.png/ff4444/ffffff,$32.94,92,568
569,velit nec,http://dummyimage.com/119x100.png/ff4444/ffffff,$47.37,83,569
570,vel,http://dummyimage.com/195x100.png/dddddd/000000,$12.91,98,570
571,turpis,http://dummyimage.com/112x100.png/cc0000/ffffff,$14.76,30,571
572,nibh ligula,http://dummyimage.com/202x100.png/cc0000/ffffff,$10.91,82,572
573,odio porttitor,http://dummyimage.com/156x100.png/ff4444/ffffff,$24.24,93,573
574,et ultrices,http://dummyimage.com/143x100.png/5fa2dd/ffffff,$16.26,19,574
575,potenti,http://dummyimage.com/104x100.png/ff4444/ffffff,$47.46,35,575
576,volutpat,http://dummyimage.com/157x100.png/cc0000/ffffff,$19.06,7,576
577,sed,http://dummyimage.com/153x100.png/5fa2dd/ffffff,$45.62,20,577
578,est donec,http://dummyimage.com/181x100.png/cc0000/ffffff,$41.99,77,578
579,in,http://dummyimage.com/119x100.png/dddddd/000000,$38.46,62,579
580,condimentum curabitur,http://dummyimage.com/183x100.png/dddddd/000000,$21.94,78,580
581,elit proin,http://dummyimage.com/176x100.png/ff4444/ffffff,$22.28,21,581
582,quam sapien,http://dummyimage.com/218x100.png/dddddd/000000,$32.52,16,582
583,magna vestibulum,http://dummyimage.com/180x100.png/5fa2dd/ffffff,$32.37,81,583
584,nec euismod,http://dummyimage.com/227x100.png/cc0000/ffffff,$6.40,93,584
585,in,http://dummyimage.com/121x100.png/cc0000/ffffff,$9.02,20,585
586,elementum,http://dummyimage.com/213x100.png/dddddd/000000,$11.84,26,586
587,mi pede,http://dummyimage.com/248x100.png/cc0000/ffffff,$42.10,66,587
588,risus,http://dummyimage.com/127x100.png/5fa2dd/ffffff,$19.50,79,588
589,varius,http://dummyimage.com/198x100.png/dddddd/000000,$8.46,65,589
590,quam,http://dummyimage.com/225x100.png/5fa2dd/ffffff,$2.05,63,590
591,dis parturient,http://dummyimage.com/234x100.png/ff4444/ffffff,$42.99,42,591
592,augue luctus,http://dummyimage.com/126x100.png/cc0000/ffffff,$10.33,87,592
593,nulla,http://dummyimage.com/159x100.png/dddddd/000000,$39.84,61,593
594,purus sit,http://dummyimage.com/222x100.png/5fa2dd/ffffff,$7.97,58,594
595,vestibulum vestibulum,http://dummyimage.com/195x100.png/dddddd/000000,$42.92,75,595
596,amet,http://dummyimage.com/215x100.png/cc0000/ffffff,$9.44,91,596
597,rhoncus mauris,http://dummyimage.com/207x100.png/cc0000/ffffff,$23.02,76,597
598,urna,http://dummyimage.com/233x100.png/5fa2dd/ffffff,$46.08,82,598
599,vestibulum ante,http://dummyimage.com/220x100.png/ff4444/ffffff,$34.59,27,599
600,blandit mi,http://dummyimage.com/153x100.png/5fa2dd/ffffff,$41.63,13,600
601,amet,http://dummyimage.com/232x100.png/5fa2dd/ffffff,$46.31,3,601
602,sit,http://dummyimage.com/226x100.png/dddddd/000000,$10.39,99,602
603,sapien,http://dummyimage.com/110x100.png/ff4444/ffffff,$28.99,49,603
604,imperdiet et,http://dummyimage.com/135x100.png/5fa2dd/ffffff,$26.96,74,604
605,nunc,http://dummyimage.com/112x100.png/5fa2dd/ffffff,$24.57,48,605
606,non velit,http://dummyimage.com/104x100.png/5fa2dd/ffffff,$12.26,32,606
607,ligula in,http://dummyimage.com/217x100.png/cc0000/ffffff,$24.70,67,607
608,nulla dapibus,http://dummyimage.com/131x100.png/dddddd/000000,$14.23,50,608
609,morbi quis,http://dummyimage.com/185x100.png/cc0000/ffffff,$40.88,29,609
610,eget eleifend,http://dummyimage.com/187x100.png/dddddd/000000,$29.54,93,610
611,id nulla,http://dummyimage.com/221x100.png/dddddd/000000,$42.66,92,611
612,ut,http://dummyimage.com/146x100.png/cc0000/ffffff,$32.94,51,612
613,condimentum,http://dummyimage.com/138x100.png/dddddd/000000,$4.92,91,613
614,et,http://dummyimage.com/179x100.png/dddddd/000000,$49.19,58,614
615,nulla integer,http://dummyimage.com/120x100.png/cc0000/ffffff,$18.57,23,615
616,varius,http://dummyimage.com/249x100.png/ff4444/ffffff,$22.02,13,616
617,ipsum,http://dummyimage.com/188x100.png/5fa2dd/ffffff,$28.48,75,617
618,pellentesque viverra,http://dummyimage.com/141x100.png/cc0000/ffffff,$37.42,54,618
619,ligula suspendisse,http://dummyimage.com/142x100.png/5fa2dd/ffffff,$48.76,17,619
620,augue,http://dummyimage.com/208x100.png/dddddd/000000,$44.24,100,620
621,sed sagittis,http://dummyimage.com/146x100.png/cc0000/ffffff,$19.69,48,621
622,vivamus vestibulum,http://dummyimage.com/120x100.png/dddddd/000000,$10.94,93,622
623,consequat,http://dummyimage.com/192x100.png/dddddd/000000,$40.53,24,623
624,id,http://dummyimage.com/201x100.png/cc0000/ffffff,$2.24,82,624
625,congue risus,http://dummyimage.com/142x100.png/cc0000/ffffff,$26.50,69,625
626,ipsum,http://dummyimage.com/135x100.png/ff4444/ffffff,$39.18,77,626
627,et,http://dummyimage.com/134x100.png/dddddd/000000,$8.82,25,627
628,tempus semper,http://dummyimage.com/238x100.png/dddddd/000000,$48.53,86,628
629,ante,http://dummyimage.com/168x100.png/cc0000/ffffff,$22.21,77,629
630,congue eget,http://dummyimage.com/123x100.png/dddddd/000000,$16.74,62,630
631,pretium,http://dummyimage.com/239x100.png/5fa2dd/ffffff,$30.60,78,631
632,luctus,http://dummyimage.com/231x100.png/cc0000/ffffff,$39.49,18,632
633,elementum,http://dummyimage.com/110x100.png/dddddd/000000,$21.15,88,633
634,in,http://dummyimage.com/221x100.png/ff4444/ffffff,$49.26,12,634
635,quis,http://dummyimage.com/176x100.png/dddddd/000000,$26.85,83,635
636,ultrices posuere,http://dummyimage.com/144x100.png/ff4444/ffffff,$28.17,80,636
637,faucibus,http://dummyimage.com/156x100.png/cc0000/ffffff,$37.04,96,637
638,ut,http://dummyimage.com/131x100.png/cc0000/ffffff,$15.20,66,638
639,quis,http://dummyimage.com/213x100.png/ff4444/ffffff,$29.96,84,639
640,elit sodales,http://dummyimage.com/116x100.png/5fa2dd/ffffff,$15.95,78,640
641,quam turpis,http://dummyimage.com/235x100.png/ff4444/ffffff,$11.24,16,641
642,curabitur,http://dummyimage.com/191x100.png/ff4444/ffffff,$13.41,80,642
643,est,http://dummyimage.com/233x100.png/dddddd/000000,$33.40,98,643
644,tellus,http://dummyimage.com/194x100.png/cc0000/ffffff,$39.09,27,644
645,donec semper,http://dummyimage.com/102x100.png/cc0000/ffffff,$33.70,46,645
646,massa,http://dummyimage.com/182x100.png/ff4444/ffffff,$29.84,2,646
647,mauris enim,http://dummyimage.com/116x100.png/ff4444/ffffff,$3.31,8,647
648,non velit,http://dummyimage.com/131x100.png/ff4444/ffffff,$18.12,31,648
649,eget nunc,http://dummyimage.com/190x100.png/ff4444/ffffff,$34.37,5,649
650,odio,http://dummyimage.com/157x100.png/ff4444/ffffff,$9.97,96,650
651,semper,http://dummyimage.com/232x100.png/dddddd/000000,$34.33,18,651
652,faucibus,http://dummyimage.com/194x100.png/5fa2dd/ffffff,$36.75,17,652
653,sapien,http://dummyimage.com/149x100.png/dddddd/000000,$17.55,89,653
654,nisl,http://dummyimage.com/220x100.png/5fa2dd/ffffff,$22.81,9,654
655,sapien,http://dummyimage.com/151x100.png/5fa2dd/ffffff,$31.85,22,655
656,lorem,http://dummyimage.com/247x100.png/dddddd/000000,$42.87,20,656
657,iaculis justo,http://dummyimage.com/164x100.png/ff4444/ffffff,$6.78,74,657
658,ut,http://dummyimage.com/230x100.png/cc0000/ffffff,$32.07,42,658
659,quam,http://dummyimage.com/156x100.png/dddddd/000000,$18.39,68,659
660,duis bibendum,http://dummyimage.com/206x100.png/cc0000/ffffff,$26.54,36,660
661,semper,http://dummyimage.com/192x100.png/5fa2dd/ffffff,$14.71,47,661
662,est risus,http://dummyimage.com/163x100.png/dddddd/000000,$32.94,34,662
663,donec dapibus,http://dummyimage.com/180x100.png/dddddd/000000,$10.18,2,663
664,in,http://dummyimage.com/123x100.png/5fa2dd/ffffff,$42.14,63,664
665,leo odio,http://dummyimage.com/127x100.png/5fa2dd/ffffff,$36.99,7,665
666,aliquam non,http://dummyimage.com/236x100.png/5fa2dd/ffffff,$49.56,48,666
667,sapien arcu,http://dummyimage.com/206x100.png/cc0000/ffffff,$15.40,46,667
668,sagittis,http://dummyimage.com/242x100.png/ff4444/ffffff,$3.23,1,668
669,ipsum,http://dummyimage.com/118x100.png/5fa2dd/ffffff,$17.80,73,669
670,ligula,http://dummyimage.com/220x100.png/cc0000/ffffff,$4.66,36,670
671,sed ante,http://dummyimage.com/218x100.png/ff4444/ffffff,$20.20,29,671
672,venenatis turpis,http://dummyimage.com/169x100.png/dddddd/000000,$5.13,25,672
673,congue,http://dummyimage.com/126x100.png/dddddd/000000,$7.74,62,673
674,curabitur in,http://dummyimage.com/189x100.png/dddddd/000000,$9.76,55,674
675,luctus et,http://dummyimage.com/119x100.png/cc0000/ffffff,$35.71,1,675
676,leo pellentesque,http://dummyimage.com/130x100.png/5fa2dd/ffffff,$34.18,84,676
677,justo,http://dummyimage.com/171x100.png/cc0000/ffffff,$26.17,4,677
678,dapibus at,http://dummyimage.com/239x100.png/dddddd/000000,$37.96,49,678
679,mauris,http://dummyimage.com/127x100.png/ff4444/ffffff,$31.72,90,679
680,dapibus,http://dummyimage.com/237x100.png/dddddd/000000,$43.53,78,680
681,ridiculus,http://dummyimage.com/223x100.png/dddddd/000000,$16.34,26,681
682,sed nisl,http://dummyimage.com/132x100.png/ff4444/ffffff,$40.47,15,682
683,rutrum rutrum,http://dummyimage.com/179x100.png/ff4444/ffffff,$29.76,78,683
684,vivamus metus,http://dummyimage.com/169x100.png/cc0000/ffffff,$40.42,39,684
685,volutpat dui,http://dummyimage.com/194x100.png/ff4444/ffffff,$4.85,39,685
686,sapien in,http://dummyimage.com/129x100.png/ff4444/ffffff,$12.79,54,686
687,sed,http://dummyimage.com/102x100.png/dddddd/000000,$19.69,29,687
688,risus,http://dummyimage.com/185x100.png/dddddd/000000,$23.33,31,688
689,adipiscing lorem,http://dummyimage.com/194x100.png/cc0000/ffffff,$45.21,80,689
690,sed sagittis,http://dummyimage.com/218x100.png/dddddd/000000,$18.13,6,690
691,eu,http://dummyimage.com/151x100.png/5fa2dd/ffffff,$13.85,10,691
692,eu,http://dummyimage.com/138x100.png/cc0000/ffffff,$21.33,93,692
693,purus sit,http://dummyimage.com/174x100.png/dddddd/000000,$27.24,25,693
694,sit,http://dummyimage.com/123x100.png/ff4444/ffffff,$9.76,38,694
695,lectus pellentesque,http://dummyimage.com/183x100.png/dddddd/000000,$34.89,23,695
696,odio,http://dummyimage.com/175x100.png/ff4444/ffffff,$15.95,7,696
697,magna bibendum,http://dummyimage.com/135x100.png/5fa2dd/ffffff,$45.06,72,697
698,sagittis sapien,http://dummyimage.com/184x100.png/5fa2dd/ffffff,$36.85,54,698
699,in felis,http://dummyimage.com/195x100.png/5fa2dd/ffffff,$34.82,75,699
700,morbi,http://dummyimage.com/250x100.png/5fa2dd/ffffff,$20.70,18,700
701,phasellus,http://dummyimage.com/134x100.png/dddddd/000000,$13.82,90,701
702,platea dictumst,http://dummyimage.com/193x100.png/ff4444/ffffff,$16.07,38,702
703,at,http://dummyimage.com/129x100.png/ff4444/ffffff,$29.73,17,703
704,justo eu,http://dummyimage.com/144x100.png/dddddd/000000,$25.78,71,704
705,mus,http://dummyimage.com/143x100.png/cc0000/ffffff,$49.79,77,705
706,id,http://dummyimage.com/143x100.png/dddddd/000000,$48.04,83,706
707,curae mauris,http://dummyimage.com/176x100.png/ff4444/ffffff,$40.35,73,707
708,nulla pede,http://dummyimage.com/210x100.png/dddddd/000000,$5.11,37,708
709,sit amet,http://dummyimage.com/161x100.png/ff4444/ffffff,$47.30,92,709
710,integer a,http://dummyimage.com/142x100.png/5fa2dd/ffffff,$46.60,78,710
711,quisque,http://dummyimage.com/204x100.png/ff4444/ffffff,$48.53,85,711
712,sit amet,http://dummyimage.com/115x100.png/ff4444/ffffff,$37.14,21,712
713,pede posuere,http://dummyimage.com/149x100.png/ff4444/ffffff,$12.98,64,713
714,viverra,http://dummyimage.com/104x100.png/dddddd/000000,$19.51,64,714
715,vestibulum,http://dummyimage.com/223x100.png/ff4444/ffffff,$20.62,95,715
716,quisque,http://dummyimage.com/233x100.png/5fa2dd/ffffff,$27.39,70,716
717,quis turpis,http://dummyimage.com/189x100.png/ff4444/ffffff,$26.30,38,717
718,tempus vivamus,http://dummyimage.com/144x100.png/dddddd/000000,$20.01,21,718
719,risus dapibus,http://dummyimage.com/113x100.png/dddddd/000000,$2.77,35,719
720,sit amet,http://dummyimage.com/237x100.png/5fa2dd/ffffff,$7.87,91,720
721,dis,http://dummyimage.com/136x100.png/ff4444/ffffff,$15.50,23,721
722,mi,http://dummyimage.com/172x100.png/dddddd/000000,$33.65,58,722
723,gravida nisi,http://dummyimage.com/191x100.png/cc0000/ffffff,$11.22,4,723
724,sapien,http://dummyimage.com/159x100.png/dddddd/000000,$16.61,23,724
725,tincidunt eu,http://dummyimage.com/184x100.png/cc0000/ffffff,$26.94,60,725
726,integer,http://dummyimage.com/231x100.png/cc0000/ffffff,$7.66,51,726
727,velit id,http://dummyimage.com/229x100.png/cc0000/ffffff,$24.70,34,727
728,maecenas ut,http://dummyimage.com/152x100.png/dddddd/000000,$23.27,28,728
729,pede ullamcorper,http://dummyimage.com/102x100.png/dddddd/000000,$34.45,21,729
730,lorem vitae,http://dummyimage.com/210x100.png/dddddd/000000,$36.08,13,730
731,suspendisse potenti,http://dummyimage.com/152x100.png/cc0000/ffffff,$29.17,61,731
732,pretium quis,http://dummyimage.com/110x100.png/5fa2dd/ffffff,$45.05,70,732
733,lobortis sapien,http://dummyimage.com/186x100.png/ff4444/ffffff,$36.61,38,733
734,nisl,http://dummyimage.com/235x100.png/dddddd/000000,$14.89,12,734
735,odio,http://dummyimage.com/174x100.png/dddddd/000000,$5.53,79,735
736,quis,http://dummyimage.com/160x100.png/5fa2dd/ffffff,$46.48,88,736
737,vulputate,http://dummyimage.com/173x100.png/cc0000/ffffff,$8.76,25,737
738,magna vestibulum,http://dummyimage.com/122x100.png/dddddd/000000,$20.02,13,738
739,in libero,http://dummyimage.com/241x100.png/ff4444/ffffff,$24.62,12,739
740,massa,http://dummyimage.com/212x100.png/5fa2dd/ffffff,$23.10,38,740
741,eget nunc,http://dummyimage.com/150x100.png/dddddd/000000,$40.66,34,741
742,phasellus sit,http://dummyimage.com/133x100.png/cc0000/ffffff,$11.64,88,742
743,consectetuer adipiscing,http://dummyimage.com/246x100.png/cc0000/ffffff,$43.89,33,743
744,quis odio,http://dummyimage.com/156x100.png/5fa2dd/ffffff,$23.60,59,744
745,in leo,http://dummyimage.com/178x100.png/5fa2dd/ffffff,$29.84,94,745
746,etiam,http://dummyimage.com/167x100.png/5fa2dd/ffffff,$36.52,57,746
747,duis mattis,http://dummyimage.com/224x100.png/5fa2dd/ffffff,$2.23,85,747
748,eu,http://dummyimage.com/107x100.png/5fa2dd/ffffff,$45.12,97,748
749,nibh,http://dummyimage.com/135x100.png/ff4444/ffffff,$32.79,83,749
750,hendrerit,http://dummyimage.com/190x100.png/cc0000/ffffff,$40.05,70,750
751,amet lobortis,http://dummyimage.com/222x100.png/ff4444/ffffff,$35.98,68,751
752,sit,http://dummyimage.com/247x100.png/dddddd/000000,$5.10,70,752
753,orci mauris,http://dummyimage.com/155x100.png/ff4444/ffffff,$27.28,57,753
754,id,http://dummyimage.com/188x100.png/5fa2dd/ffffff,$43.92,44,754
755,libero,http://dummyimage.com/201x100.png/ff4444/ffffff,$4.44,82,755
756,vulputate elementum,http://dummyimage.com/167x100.png/dddddd/000000,$13.57,24,756
757,et,http://dummyimage.com/222x100.png/cc0000/ffffff,$2.82,48,757
758,nisi vulputate,http://dummyimage.com/211x100.png/dddddd/000000,$24.26,75,758
759,elementum eu,http://dummyimage.com/232x100.png/5fa2dd/ffffff,$5.29,16,759
760,non,http://dummyimage.com/245x100.png/dddddd/000000,$33.19,43,760
761,id,http://dummyimage.com/228x100.png/dddddd/000000,$32.35,38,761
762,justo sit,http://dummyimage.com/242x100.png/dddddd/000000,$28.54,7,762
763,mus etiam,http://dummyimage.com/103x100.png/5fa2dd/ffffff,$13.08,77,763
764,neque,http://dummyimage.com/232x100.png/dddddd/000000,$31.34,80,764
765,potenti nullam,http://dummyimage.com/149x100.png/5fa2dd/ffffff,$6.20,67,765
766,nulla integer,http://dummyimage.com/226x100.png/dddddd/000000,$1.49,81,766
767,cursus,http://dummyimage.com/228x100.png/dddddd/000000,$18.00,65,767
768,ac leo,http://dummyimage.com/102x100.png/cc0000/ffffff,$30.55,34,768
769,interdum,http://dummyimage.com/182x100.png/ff4444/ffffff,$18.25,66,769
770,rutrum nulla,http://dummyimage.com/151x100.png/ff4444/ffffff,$29.81,59,770
771,laoreet,http://dummyimage.com/189x100.png/5fa2dd/ffffff,$10.24,15,771
772,amet lobortis,http://dummyimage.com/201x100.png/5fa2dd/ffffff,$34.67,76,772
773,non mattis,http://dummyimage.com/123x100.png/dddddd/000000,$27.76,22,773
774,felis sed,http://dummyimage.com/164x100.png/dddddd/000000,$31.05,89,774
775,tempus vel,http://dummyimage.com/129x100.png/dddddd/000000,$14.51,1,775
776,maecenas pulvinar,http://dummyimage.com/183x100.png/dddddd/000000,$9.96,73,776
777,platea dictumst,http://dummyimage.com/110x100.png/5fa2dd/ffffff,$17.77,85,777
778,orci eget,http://dummyimage.com/219x100.png/ff4444/ffffff,$42.22,66,778
779,integer aliquet,http://dummyimage.com/186x100.png/dddddd/000000,$38.97,32,779
780,duis consequat,http://dummyimage.com/215x100.png/5fa2dd/ffffff,$5.13,15,780
781,lectus vestibulum,http://dummyimage.com/156x100.png/5fa2dd/ffffff,$36.41,17,781
782,mauris,http://dummyimage.com/230x100.png/dddddd/000000,$19.10,78,782
783,ut,http://dummyimage.com/221x100.png/5fa2dd/ffffff,$17.24,87,783
784,non,http://dummyimage.com/111x100.png/ff4444/ffffff,$49.92,30,784
785,nulla,http://dummyimage.com/140x100.png/dddddd/000000,$47.36,46,785
786,interdum mauris,http://dummyimage.com/244x100.png/cc0000/ffffff,$1.15,47,786
787,quis,http://dummyimage.com/243x100.png/cc0000/ffffff,$32.12,10,787
788,morbi,http://dummyimage.com/172x100.png/dddddd/000000,$40.61,12,788
789,nibh in,http://dummyimage.com/198x100.png/dddddd/000000,$17.77,39,789
790,neque libero,http://dummyimage.com/109x100.png/5fa2dd/ffffff,$40.11,20,790
791,felis sed,http://dummyimage.com/191x100.png/dddddd/000000,$26.25,4,791
792,et,http://dummyimage.com/194x100.png/ff4444/ffffff,$8.20,100,792
793,libero,http://dummyimage.com/156x100.png/dddddd/000000,$49.38,11,793
794,montes nascetur,http://dummyimage.com/238x100.png/dddddd/000000,$29.47,3,794
795,nulla justo,http://dummyimage.com/108x100.png/ff4444/ffffff,$6.71,43,795
796,nec,http://dummyimage.com/120x100.png/5fa2dd/ffffff,$45.37,100,796
797,quis turpis,http://dummyimage.com/177x100.png/5fa2dd/ffffff,$40.54,17,797
798,nascetur ridiculus,http://dummyimage.com/164x100.png/cc0000/ffffff,$34.62,65,798
799,scelerisque mauris,http://dummyimage.com/140x100.png/dddddd/000000,$11.40,60,799
800,ipsum,http://dummyimage.com/207x100.png/5fa2dd/ffffff,$36.53,98,800
801,elementum,http://dummyimage.com/114x100.png/5fa2dd/ffffff,$34.05,67,801
802,felis,http://dummyimage.com/153x100.png/5fa2dd/ffffff,$24.98,55,802
803,a feugiat,http://dummyimage.com/162x100.png/5fa2dd/ffffff,$42.58,8,803
804,quis,http://dummyimage.com/236x100.png/cc0000/ffffff,$37.90,20,804
805,consequat dui,http://dummyimage.com/127x100.png/cc0000/ffffff,$12.78,82,805
806,lobortis ligula,http://dummyimage.com/213x100.png/dddddd/000000,$38.41,45,806
807,etiam,http://dummyimage.com/140x100.png/dddddd/000000,$39.31,100,807
808,a,http://dummyimage.com/157x100.png/cc0000/ffffff,$43.81,11,808
809,sed,http://dummyimage.com/104x100.png/cc0000/ffffff,$24.59,80,809
810,vestibulum eget,http://dummyimage.com/240x100.png/cc0000/ffffff,$9.17,38,810
811,aliquet,http://dummyimage.com/107x100.png/ff4444/ffffff,$41.80,70,811
812,vestibulum velit,http://dummyimage.com/160x100.png/5fa2dd/ffffff,$36.39,46,812
813,congue,http://dummyimage.com/117x100.png/dddddd/000000,$26.52,56,813
814,ultrices mattis,http://dummyimage.com/154x100.png/dddddd/000000,$32.48,45,814
815,vehicula,http://dummyimage.com/165x100.png/ff4444/ffffff,$48.10,35,815
816,volutpat eleifend,http://dummyimage.com/147x100.png/dddddd/000000,$46.49,97,816
817,porttitor,http://dummyimage.com/113x100.png/5fa2dd/ffffff,$21.17,93,817
818,ultrices posuere,http://dummyimage.com/157x100.png/ff4444/ffffff,$39.08,95,818
819,tincidunt,http://dummyimage.com/198x100.png/cc0000/ffffff,$39.75,89,819
820,ligula,http://dummyimage.com/208x100.png/cc0000/ffffff,$28.16,65,820
821,sed augue,http://dummyimage.com/228x100.png/cc0000/ffffff,$34.25,2,821
822,vel,http://dummyimage.com/152x100.png/dddddd/000000,$47.32,92,822
823,fusce,http://dummyimage.com/167x100.png/dddddd/000000,$17.32,31,823
824,eget,http://dummyimage.com/104x100.png/5fa2dd/ffffff,$33.55,1,824
825,pede,http://dummyimage.com/163x100.png/5fa2dd/ffffff,$5.00,70,825
826,natoque penatibus,http://dummyimage.com/198x100.png/dddddd/000000,$26.89,18,826
827,interdum,http://dummyimage.com/206x100.png/ff4444/ffffff,$44.62,51,827
828,porttitor pede,http://dummyimage.com/195x100.png/cc0000/ffffff,$26.28,62,828
829,nisl,http://dummyimage.com/121x100.png/dddddd/000000,$38.21,58,829
830,pharetra,http://dummyimage.com/242x100.png/cc0000/ffffff,$31.12,72,830
831,montes,http://dummyimage.com/178x100.png/ff4444/ffffff,$6.83,3,831
832,lacus morbi,http://dummyimage.com/214x100.png/cc0000/ffffff,$31.82,17,832
833,faucibus orci,http://dummyimage.com/192x100.png/ff4444/ffffff,$3.95,39,833
834,orci eget,http://dummyimage.com/247x100.png/cc0000/ffffff,$42.25,60,834
835,nisl nunc,http://dummyimage.com/152x100.png/5fa2dd/ffffff,$6.75,60,835
836,dui vel,http://dummyimage.com/248x100.png/ff4444/ffffff,$42.53,35,836
837,penatibus,http://dummyimage.com/218x100.png/dddddd/000000,$9.95,12,837
838,velit nec,http://dummyimage.com/155x100.png/dddddd/000000,$46.14,29,838
839,duis,http://dummyimage.com/145x100.png/5fa2dd/ffffff,$44.67,96,839
840,at,http://dummyimage.com/136x100.png/dddddd/000000,$10.40,37,840
841,in faucibus,http://dummyimage.com/127x100.png/ff4444/ffffff,$28.36,52,841
842,posuere cubilia,http://dummyimage.com/140x100.png/5fa2dd/ffffff,$40.71,65,842
843,erat,http://dummyimage.com/120x100.png/dddddd/000000,$48.63,65,843
844,etiam justo,http://dummyimage.com/235x100.png/ff4444/ffffff,$26.04,33,844
845,nullam,http://dummyimage.com/244x100.png/ff4444/ffffff,$41.56,72,845
846,vestibulum,http://dummyimage.com/214x100.png/ff4444/ffffff,$48.39,52,846
847,velit,http://dummyimage.com/214x100.png/5fa2dd/ffffff,$36.62,1,847
848,eget congue,http://dummyimage.com/103x100.png/5fa2dd/ffffff,$6.36,26,848
849,donec,http://dummyimage.com/213x100.png/ff4444/ffffff,$11.85,56,849
850,magna bibendum,http://dummyimage.com/134x100.png/dddddd/000000,$49.05,19,850
851,diam cras,http://dummyimage.com/211x100.png/dddddd/000000,$40.71,100,851
852,nunc,http://dummyimage.com/105x100.png/ff4444/ffffff,$8.82,76,852
853,eu felis,http://dummyimage.com/137x100.png/ff4444/ffffff,$48.38,34,853
854,leo pellentesque,http://dummyimage.com/149x100.png/5fa2dd/ffffff,$7.38,23,854
855,justo,http://dummyimage.com/158x100.png/cc0000/ffffff,$43.30,56,855
856,vel,http://dummyimage.com/100x100.png/ff4444/ffffff,$46.79,33,856
857,est,http://dummyimage.com/164x100.png/cc0000/ffffff,$26.96,85,857
858,posuere,http://dummyimage.com/241x100.png/dddddd/000000,$27.13,66,858
859,mauris viverra,http://dummyimage.com/220x100.png/cc0000/ffffff,$19.11,80,859
860,mi,http://dummyimage.com/219x100.png/5fa2dd/ffffff,$24.71,54,860
861,blandit,http://dummyimage.com/170x100.png/cc0000/ffffff,$29.72,65,861
862,ut blandit,http://dummyimage.com/221x100.png/cc0000/ffffff,$13.14,88,862
863,condimentum curabitur,http://dummyimage.com/136x100.png/cc0000/ffffff,$14.28,55,863
864,metus vitae,http://dummyimage.com/129x100.png/dddddd/000000,$26.17,93,864
865,enim,http://dummyimage.com/152x100.png/ff4444/ffffff,$23.38,91,865
866,suspendisse,http://dummyimage.com/132x100.png/dddddd/000000,$27.42,38,866
867,maecenas,http://dummyimage.com/219x100.png/cc0000/ffffff,$44.16,37,867
868,parturient,http://dummyimage.com/124x100.png/dddddd/000000,$22.99,21,868
869,at,http://dummyimage.com/173x100.png/dddddd/000000,$49.34,89,869
870,ultrices,http://dummyimage.com/242x100.png/ff4444/ffffff,$23.17,27,870
871,donec,http://dummyimage.com/243x100.png/cc0000/ffffff,$1.13,61,871
872,dui,http://dummyimage.com/170x100.png/cc0000/ffffff,$10.36,37,872
873,ut,http://dummyimage.com/156x100.png/cc0000/ffffff,$13.42,19,873
874,dui,http://dummyimage.com/141x100.png/ff4444/ffffff,$9.32,45,874
875,leo,http://dummyimage.com/163x100.png/cc0000/ffffff,$36.47,75,875
876,id,http://dummyimage.com/250x100.png/ff4444/ffffff,$45.12,69,876
877,primis in,http://dummyimage.com/148x100.png/5fa2dd/ffffff,$38.70,64,877
878,sed,http://dummyimage.com/178x100.png/ff4444/ffffff,$18.43,74,878
879,erat,http://dummyimage.com/111x100.png/cc0000/ffffff,$3.87,92,879
880,nec nisi,http://dummyimage.com/186x100.png/dddddd/000000,$35.26,30,880
881,vel,http://dummyimage.com/225x100.png/cc0000/ffffff,$29.27,20,881
882,metus,http://dummyimage.com/220x100.png/ff4444/ffffff,$35.75,61,882
883,nonummy integer,http://dummyimage.com/104x100.png/dddddd/000000,$30.03,14,883
884,lobortis,http://dummyimage.com/169x100.png/dddddd/000000,$7.83,76,884
885,curabitur,http://dummyimage.com/124x100.png/ff4444/ffffff,$16.75,50,885
886,mi sit,http://dummyimage.com/106x100.png/dddddd/000000,$22.57,51,886
887,magnis dis,http://dummyimage.com/139x100.png/dddddd/000000,$38.84,41,887
888,orci,http://dummyimage.com/228x100.png/cc0000/ffffff,$43.67,12,888
889,diam,http://dummyimage.com/155x100.png/5fa2dd/ffffff,$3.89,99,889
890,morbi,http://dummyimage.com/165x100.png/cc0000/ffffff,$41.16,89,890
891,eget eleifend,http://dummyimage.com/173x100.png/5fa2dd/ffffff,$39.53,26,891
892,lacinia,http://dummyimage.com/234x100.png/5fa2dd/ffffff,$41.27,1,892
893,est et,http://dummyimage.com/224x100.png/cc0000/ffffff,$8.84,65,893
894,non mi,http://dummyimage.com/227x100.png/5fa2dd/ffffff,$11.58,39,894
895,rutrum neque,http://dummyimage.com/131x100.png/dddddd/000000,$10.71,99,895
896,augue,http://dummyimage.com/120x100.png/cc0000/ffffff,$7.54,70,896
897,sapien ut,http://dummyimage.com/135x100.png/5fa2dd/ffffff,$37.03,17,897
898,nisl,http://dummyimage.com/119x100.png/cc0000/ffffff,$25.83,73,898
899,sociis,http://dummyimage.com/187x100.png/cc0000/ffffff,$19.07,18,899
900,posuere metus,http://dummyimage.com/219x100.png/dddddd/000000,$44.27,90,900
901,vel est,http://dummyimage.com/148x100.png/5fa2dd/ffffff,$22.88,56,901
902,sed nisl,http://dummyimage.com/193x100.png/5fa2dd/ffffff,$35.65,90,902
903,in ante,http://dummyimage.com/122x100.png/5fa2dd/ffffff,$37.68,30,903
904,platea,http://dummyimage.com/105x100.png/cc0000/ffffff,$48.70,90,904
905,ut,http://dummyimage.com/125x100.png/dddddd/000000,$1.61,35,905
906,elit,http://dummyimage.com/248x100.png/dddddd/000000,$2.27,85,906
907,erat,http://dummyimage.com/129x100.png/cc0000/ffffff,$17.58,27,907
908,interdum,http://dummyimage.com/156x100.png/5fa2dd/ffffff,$27.73,55,908
909,non sodales,http://dummyimage.com/200x100.png/ff4444/ffffff,$27.25,87,909
910,magna,http://dummyimage.com/133x100.png/5fa2dd/ffffff,$35.78,37,910
911,erat fermentum,http://dummyimage.com/102x100.png/cc0000/ffffff,$48.66,100,911
912,tincidunt eget,http://dummyimage.com/176x100.png/cc0000/ffffff,$5.83,76,912
913,non,http://dummyimage.com/120x100.png/cc0000/ffffff,$28.66,37,913
914,ut at,http://dummyimage.com/109x100.png/ff4444/ffffff,$16.58,17,914
915,nulla,http://dummyimage.com/249x100.png/ff4444/ffffff,$46.10,77,915
916,donec dapibus,http://dummyimage.com/117x100.png/5fa2dd/ffffff,$4.79,18,916
917,in hac,http://dummyimage.com/160x100.png/cc0000/ffffff,$10.98,47,917
918,sapien,http://dummyimage.com/238x100.png/cc0000/ffffff,$3.66,51,918
919,quam,http://dummyimage.com/246x100.png/5fa2dd/ffffff,$19.37,78,919
920,eget,http://dummyimage.com/185x100.png/cc0000/ffffff,$16.15,44,920
921,accumsan tortor,http://dummyimage.com/150x100.png/dddddd/000000,$23.72,45,921
922,sem mauris,http://dummyimage.com/175x100.png/ff4444/ffffff,$36.22,69,922
923,nam nulla,http://dummyimage.com/133x100.png/5fa2dd/ffffff,$24.84,72,923
924,rutrum neque,http://dummyimage.com/184x100.png/5fa2dd/ffffff,$11.07,77,924
925,morbi porttitor,http://dummyimage.com/161x100.png/cc0000/ffffff,$46.21,24,925
926,feugiat,http://dummyimage.com/213x100.png/cc0000/ffffff,$39.95,42,926
927,congue diam,http://dummyimage.com/166x100.png/5fa2dd/ffffff,$17.46,94,927
928,nisl duis,http://dummyimage.com/100x100.png/dddddd/000000,$5.47,33,928
929,potenti,http://dummyimage.com/203x100.png/cc0000/ffffff,$23.27,89,929
930,condimentum,http://dummyimage.com/132x100.png/5fa2dd/ffffff,$49.53,32,930
931,ac,http://dummyimage.com/136x100.png/ff4444/ffffff,$36.95,23,931
932,leo odio,http://dummyimage.com/151x100.png/5fa2dd/ffffff,$9.25,41,932
933,mauris lacinia,http://dummyimage.com/186x100.png/cc0000/ffffff,$46.91,8,933
934,in quis,http://dummyimage.com/131x100.png/ff4444/ffffff,$25.98,31,934
935,faucibus,http://dummyimage.com/222x100.png/5fa2dd/ffffff,$10.32,14,935
936,sed nisl,http://dummyimage.com/226x100.png/5fa2dd/ffffff,$1.88,57,936
937,vestibulum ante,http://dummyimage.com/171x100.png/ff4444/ffffff,$19.57,7,937
938,volutpat dui,http://dummyimage.com/153x100.png/dddddd/000000,$41.70,23,938
939,nullam orci,http://dummyimage.com/125x100.png/ff4444/ffffff,$28.41,9,939
940,venenatis,http://dummyimage.com/222x100.png/ff4444/ffffff,$1.56,20,940
941,magna at,http://dummyimage.com/114x100.png/dddddd/000000,$3.08,91,941
942,ut,http://dummyimage.com/203x100.png/dddddd/000000,$5.17,24,942
943,sit amet,http://dummyimage.com/164x100.png/dddddd/000000,$15.23,96,943
944,aliquet,http://dummyimage.com/217x100.png/dddddd/000000,$26.30,32,944
945,cursus vestibulum,http://dummyimage.com/238x100.png/5fa2dd/ffffff,$26.09,18,945
946,non,http://dummyimage.com/190x100.png/cc0000/ffffff,$15.86,19,946
947,at,http://dummyimage.com/178x100.png/ff4444/ffffff,$19.09,52,947
948,tempor,http://dummyimage.com/187x100.png/dddddd/000000,$11.91,93,948
949,euismod,http://dummyimage.com/229x100.png/cc0000/ffffff,$1.90,33,949
950,quis turpis,http://dummyimage.com/240x100.png/dddddd/000000,$9.71,21,950
951,eros elementum,http://dummyimage.com/133x100.png/dddddd/000000,$37.48,66,951
952,sit amet,http://dummyimage.com/204x100.png/ff4444/ffffff,$27.96,18,952
953,fermentum donec,http://dummyimage.com/239x100.png/ff4444/ffffff,$21.78,73,953
954,a odio,http://dummyimage.com/180x100.png/5fa2dd/ffffff,$48.05,51,954
955,dui,http://dummyimage.com/132x100.png/cc0000/ffffff,$37.92,43,955
956,at,http://dummyimage.com/225x100.png/dddddd/000000,$25.10,69,956
957,primis,http://dummyimage.com/128x100.png/ff4444/ffffff,$36.11,70,957
958,curabitur convallis,http://dummyimage.com/117x100.png/ff4444/ffffff,$24.70,16,958
959,in,http://dummyimage.com/134x100.png/5fa2dd/ffffff,$20.22,38,959
960,id turpis,http://dummyimage.com/164x100.png/dddddd/000000,$47.14,89,960
961,in hac,http://dummyimage.com/219x100.png/ff4444/ffffff,$31.53,23,961
962,eleifend luctus,http://dummyimage.com/237x100.png/ff4444/ffffff,$13.15,74,962
963,justo etiam,http://dummyimage.com/166x100.png/cc0000/ffffff,$12.93,48,963
964,blandit ultrices,http://dummyimage.com/151x100.png/ff4444/ffffff,$49.14,99,964
965,ac,http://dummyimage.com/101x100.png/5fa2dd/ffffff,$40.52,77,965
966,amet,http://dummyimage.com/113x100.png/cc0000/ffffff,$33.15,43,966
967,faucibus,http://dummyimage.com/141x100.png/dddddd/000000,$47.07,6,967
968,cras,http://dummyimage.com/108x100.png/cc0000/ffffff,$49.81,51,968
969,consequat morbi,http://dummyimage.com/171x100.png/ff4444/ffffff,$25.89,92,969
970,id,http://dummyimage.com/164x100.png/cc0000/ffffff,$22.46,8,970
971,turpis,http://dummyimage.com/197x100.png/cc0000/ffffff,$39.64,12,971
972,in,http://dummyimage.com/219x100.png/dddddd/000000,$17.49,97,972
973,ac diam,http://dummyimage.com/127x100.png/5fa2dd/ffffff,$5.20,52,973
974,lorem,http://dummyimage.com/120x100.png/dddddd/000000,$44.39,56,974
975,suscipit,http://dummyimage.com/121x100.png/ff4444/ffffff,$8.81,40,975
976,non mattis,http://dummyimage.com/168x100.png/dddddd/000000,$4.35,23,976
977,tempor,http://dummyimage.com/162x100.png/ff4444/ffffff,$15.76,15,977
978,luctus nec,http://dummyimage.com/246x100.png/dddddd/000000,$20.33,88,978
979,ligula,http://dummyimage.com/241x100.png/ff4444/ffffff,$40.81,80,979
980,sapien quis,http://dummyimage.com/163x100.png/cc0000/ffffff,$11.21,69,980
981,justo pellentesque,http://dummyimage.com/179x100.png/cc0000/ffffff,$16.55,10,981
982,auctor,http://dummyimage.com/205x100.png/cc0000/ffffff,$33.55,95,982
983,cum,http://dummyimage.com/121x100.png/5fa2dd/ffffff,$36.35,97,983
984,primis,http://dummyimage.com/210x100.png/cc0000/ffffff,$37.91,77,984
985,nulla,http://dummyimage.com/157x100.png/ff4444/ffffff,$15.32,86,985
986,lectus,http://dummyimage.com/154x100.png/cc0000/ffffff,$2.24,5,986
987,tincidunt,http://dummyimage.com/204x100.png/ff4444/ffffff,$17.50,95,987
988,donec,http://dummyimage.com/133x100.png/ff4444/ffffff,$21.69,56,988
989,dictumst,http://dummyimage.com/121x100.png/ff4444/ffffff,$28.32,35,989
990,amet,http://dummyimage.com/132x100.png/cc0000/ffffff,$33.73,22,990
991,felis ut,http://dummyimage.com/168x100.png/dddddd/000000,$33.66,19,991
992,vestibulum,http://dummyimage.com/223x100.png/dddddd/000000,$33.10,40,992
993,augue quam,http://dummyimage.com/100x100.png/ff4444/ffffff,$19.25,60,993
994,blandit,http://dummyimage.com/104x100.png/5fa2dd/ffffff,$7.05,45,994
995,nulla,http://dummyimage.com/221x100.png/dddddd/000000,$24.55,71,995
996,eleifend,http://dummyimage.com/187x100.png/5fa2dd/ffffff,$22.80,94,996
997,sit,http://dummyimage.com/161x100.png/ff4444/ffffff,$18.39,82,997
998,vitae nisl,http://dummyimage.com/239x100.png/5fa2dd/ffffff,$34.86,87,998
999,risus semper,http://dummyimage.com/194x100.png/dddddd/000000,$40.05,87,999
1000,aliquet,http://dummyimage.com/241x100.png/dddddd/000000,$25.22,91,1000
