Ship_ID,Tracking_Number,Shipping_Date,Shipping_Company,Customer_ID
1,3C6JD6BP3CG537717,2/3/2001,Schiller Inc,1
2,SCBLC37F36C301680,12/30/2006,Davis Runte and Renner,2
3,1GYS3DEF8BR985046,4/4/2014,Herzog-Gusikowski,3
4,SCFEBBBC7AG420335,6/13/2004,Welch and Sons,4
5,1GKS1AKC1FR634834,8/1/2008,Breitenberg LLC,5
6,KMHEC4A43EA967804,4/9/2006,Hane Doyle and Schinner,6
7,JTHKD5BH4D2620601,4/30/2003,Littel LLC,7
8,1G4PP5SK8C4523314,3/29/2017,Lang and Sons,8
9,1G6AG5RX8E0263912,11/16/2015,Renner Group,9
10,1G6DA1ED8B0209167,7/14/2019,Raynor Jacobson and Langosh,10
11,KNAGM4ADXC5017355,6/13/2011,Kessler Inc,11
12,WAUCF78K99N267239,12/21/2004,Berge-White,12
13,WAUNF68P26A110802,5/21/2021,Lind Hills and Ratke,13
14,WBAUP7C55CV249556,3/16/2003,Spencer Stanton and Douglas,14
15,1GYS4DEF2CR845928,3/5/2003,Macejkovic Kunze and Mosciski,15
16,3LN6L2G96DR057421,8/16/2003,Blanda-Keeling,16
17,3LN6L2LU5FR125138,1/17/2009,Greenholt and Sons,17
18,WAUBC48H15K550320,4/23/2001,Sipes-Prosacco,18
19,WBAVC73548A422420,12/27/2010,Parker-Goodwin,19
20,1G6DK8E36C0391921,12/29/2009,O'Connell Moore and Casper,20
21,5UMDU93548L096366,1/20/2008,Gulgowski Abshire and Hoeger,21
22,SCBFC7ZA5DC086158,7/1/2008,Braun Group,22
23,WBA3B3C5XFF014250,5/3/2009,Bins and Sons,23
24,WBS3R9C51FK248956,1/5/2021,Greenfelder-Kessler,24
25,WDDEJ7EB4BA440439,9/28/2015,Davis LLC,25
26,1HGCR2E30FA425417,7/16/2005,Kuvalis LLC,26
27,WDDEJ7GB4DA662169,10/11/2015,Lebsack-O'Conner,27
28,SCBDC3ZA7DC110024,12/11/2020,Farrell Predovic and Tromp,28
29,WBA3T7C51F5920376,12/23/2013,Hammes Morissette and Ryan,29
30,WAU32AFD0FN244019,6/7/2008,Howell Tromp and Hermiston,30
31,2C3CCAAG4CH823136,8/12/2010,Weber Inc,31
32,JH4KB16538C230376,2/23/2010,Cummings Inc,32
33,WBAKF3C53CJ706875,10/22/2001,Bauch Smith and Hyatt,33
34,1G6DC8EY8B0764058,4/3/2005,Rohan Inc,34
35,5N1AA0NE9EN793794,4/18/2009,Shanahan and Sons,35
36,JN1AZ4EH5FM645358,11/6/2013,Maggio Inc,36
37,1C4RDJEG4FC167833,1/16/2005,Metz Langworth and Leannon,37
38,5LMJJ3J50CE182893,4/5/2015,Hoeger Kilback and Renner,38
39,1G6DJ5EV1A0780904,8/5/2019,Koch Brown and Hilll,39
40,JHMFA3F26AS503425,8/14/2012,O'Reilly Buckridge and Konopelski,40
41,WAUHF78P28A970964,5/25/2000,Douglas Schulist and Turner,41
42,1C3CDFDH8FD073000,5/6/2011,Jenkins-Witting,42
43,WAUML64B04N041080,4/18/2004,Fisher LLC,43
44,JN8AS5MT5BW071523,7/26/2007,Ward Group,44
45,2GKALMEK3F6609486,10/6/2006,Upton-Stamm,45
46,1N4AA5AP9DC438553,6/10/2018,Bogisich LLC,46
47,1FTWX3D5XAE847218,12/8/2013,Kling-Berge,47
48,3VW4T7AT0DM460284,4/14/2016,Orn-Stehr,48
49,WAUVC68E25A074146,12/12/2013,Larkin-Feest,49
50,WAUAFAFL9BN888096,6/12/2015,Torphy Parisian and Homenick,50
51,3D7LT2ET7AG144294,10/16/2013,Johnson Schneider and Gaylord,51
52,3N1CE2CP1FL546646,3/19/2007,Prohaska Inc,52
53,WAUKFBFLXBA099750,2/3/2003,Ratke-McDermott,53
54,WA1CGAFE6ED232758,3/12/2003,Kassulke Deckow and Reichert,54
55,1D4PU2GK8AW126100,11/15/2005,Beatty-Harber,55
56,1D4PU5GK3BW126315,3/2/2018,Dach-Bogisich,56
57,WAUSG74F49N984469,5/20/2015,Brekke-Farrell,57
58,1D7RB1CP3AS544956,4/16/2008,Von McGlynn and Wunsch,58
59,YV4952CZ7E1529412,3/24/2010,Toy and Sons,59
60,1GYS4JEF8BR084903,5/7/2006,MacGyver Group,60
61,2T1BURHE2EC476801,12/18/2007,Connelly Group,61
62,5N1AA0NC2FN223538,5/17/2001,Johnston-Considine,62
63,VNKJTUD35FA323316,4/30/2013,Bahringer Group,63
64,1GYS4MKJ9FR014598,1/28/2021,Monahan-Kling,64
65,SCBDP3ZA1AC131404,5/13/2020,Wilkinson and Sons,65
66,WAUBF78E96A999380,2/6/2021,Prosacco and Sons,66
67,1G6AJ5SX5E0662403,7/27/2005,Romaguera-Ebert,67
68,JH4CU2E65AC752186,5/24/2012,Donnelly LLC,68
69,JN8AS5MT0DW554002,6/17/2008,Turcotte Mueller and Abernathy,69
70,WAUVT68E15A069553,4/30/2003,McCullough-Hahn,70
71,1G6AA5RXXD0929412,4/20/2002,Berge Inc,71
72,JTEBU5JR7C5640801,10/12/2007,Ondricka Inc,72
73,1C6RD7PT0CS382227,1/17/2006,VonRueden and Sons,73
74,1GYS3TKJ4FR480744,11/16/2006,Williamson Inc,74
75,WDDGF4HB9CF805903,9/10/2009,Upton McDermott and Maggio,75
76,4JGBF2FE7BA792694,11/20/2020,Pouros Group,76
77,2FMDK3KC5AB420169,7/24/2004,Parisian LLC,77
78,1GYS3AEF4DR068235,11/8/2002,Champlin and Sons,78
79,JHMFA3F29BS057983,10/14/2007,Wilkinson LLC,79
80,WAUPL68E04A309439,2/10/2013,Rempel-Leuschke,80
81,KMHFH4JG6EA971216,2/16/2009,Murazik LLC,81
82,1GD11XEG9FF667473,8/3/2002,Braun-Gleason,82
83,3C3CFFAR2ET772235,8/22/2005,Hahn-Maggio,83
84,1D7CE3BK8AS603269,4/13/2009,Lockman-Schamberger,84
85,SCFAD02A85G908078,5/9/2019,Olson Franecki and Harber,85
86,3D7JV1EP9BG176809,7/10/2011,Shields Abernathy and Ankunding,86
87,WA1CKAFP9AA147652,5/17/2003,Gaylord Lubowitz and Tillman,87
88,JN8BS1MW7DM905362,10/12/2017,Schiller-Metz,88
89,SCBFT7ZA9EC006751,4/14/2007,Russel Welch and Beahan,89
90,WBAWL73558P958729,11/9/2004,Von Group,90
91,WAUEG74F76N218437,2/27/2011,Schiller Inc,91
92,KNADH5A34B6603658,7/2/2000,Lemke-Hettinger,92
93,WBAYA8C50FG138270,4/9/2008,Morissette Wehner and Predovic,93
94,WBAXA5C58ED125194,5/12/2007,Lynch Cremin and Altenwerth,94
95,3C6JD6DK4CG358765,11/30/2003,Tremblay Inc,95
96,WAUEH98E26A526360,11/29/2004,Harber Bailey and Gerhold,96
97,NM0KS7DN5AT208180,4/15/2006,Hauck LLC,97
98,WBA3B1G50FN375717,11/3/2001,Bergnaum Group,98
99,WAUAF78E18A282048,8/8/2017,Grimes Yost and Rice,99
100,5N1AA0NC8AN803546,10/19/2016,Hackett-Mohr,100
101,5TFBY5F14CX509938,9/21/2006,Durgan LLC,101
102,3C3CFFJH4DT255766,5/10/2021,Treutel Heaney and Parker,102
103,5NPDH4AE3EH968549,3/24/2016,Conroy Group,103
104,WVGAV7AX9FW175083,3/23/2009,Spencer-Cremin,104
105,3GYFNEE3XES195952,4/17/2006,Spencer Inc,105
106,2HNYD18916H820053,12/11/2012,Heidenreich LLC,106
107,5N1AR1NB8BC750558,11/11/2008,Swaniawski-Altenwerth,107
108,WP0AA2A94FS510536,6/18/2011,Kris LLC,108
109,JH4CU2F60AC718428,11/8/2010,Aufderhar-Roob,109
110,WBADT33403G149140,2/6/2014,Davis O'Reilly and Morar,110
111,2G4GZ5GV3B9201818,9/10/2019,Prosacco Wisozk and Crist,111
112,2T1BPRHE7EC442425,9/29/2002,Nolan-Davis,112
113,KMHFG4JG2CA114360,9/9/2005,Kozey-Wuckert,113
114,1G6AP5SX8E0106973,10/31/2005,Grant-Anderson,114
115,WBA3C1C54DF971259,6/19/2001,McLaughlin LLC,115
116,1G6KD57Y64U300102,8/23/2008,Wilderman-Swaniawski,116
117,WAUEH94F67N902406,10/14/2015,Mills Group,117
118,137ZA90351E179260,4/11/2002,Mayer-Wolff,118
119,5TDDCRFH3FS828463,11/24/2020,Bernhard-Daniel,119
120,5UXFE43579L229974,11/25/2019,Kuhn-Boyer,120
121,5UXKR6C54E0043352,9/7/2004,Powlowski-Goodwin,121
122,1FTEX1C81AK879214,12/21/2007,Waelchi-Rogahn,122
123,5LMJJ3H53CE908803,2/17/2002,Ernser-Price,123
124,5N1AA0NE8FN296589,6/18/2019,Bernhard Glover and Marvin,124
125,1G6DL8E33C0079116,8/13/2008,Kreiger-Baumbach,125
126,KNADM5A32D6473765,7/24/2007,Gutkowski Inc,126
127,JN8CS1MU7DM183328,1/31/2014,Moen LLC,127
128,YV1382MW4A2386258,2/5/2014,Raynor-Cummings,128
129,1GYFK43808R709736,1/5/2009,Jakubowski LLC,129
130,WAUSH78E07A055382,6/14/2015,Mertz Group,130
131,1G6DP5ED2B0220798,6/9/2017,Heller-Treutel,131
132,3D7LT2ET7AG333480,1/1/2008,Cummerata Group,132
133,WBAUN13508V531291,1/21/2002,Cassin and Sons,133
134,KNDKG3A22A7483571,1/1/2018,Ward Shanahan and Welch,134
135,WDDHF5KBXFB527494,11/7/2015,Pacocha Gleason and Ondricka,135
136,JH4CU2E83DC704420,4/10/2016,Quigley-Spencer,136
137,JN8AE2KP3C9046793,5/6/2007,Gerhold LLC,137
138,5N1AA0ND2FN796092,1/30/2011,Rath LLC,138
139,YV1672MK1D2540149,3/9/2008,Carroll Inc,139
140,WBANF33577B173166,9/4/2010,O'Kon Ziemann and Breitenberg,140
141,1FTWW3B58AE262241,4/3/2011,Heathcote Witting and DuBuque,141
142,WAUGFBFC5DN639278,5/23/2005,Blick and Sons,142
143,1FMCU0F7XDU013447,12/17/2007,Blick-Glover,143
144,1C3CDFBBXFD957308,5/15/2007,Schiller-Reynolds,144
145,1GD21ZCG3BZ988744,3/31/2005,Kohler Becker and Powlowski,145
146,JTDKN3DU5B0207351,10/2/2003,Stokes-Kovacek,146
147,WDDPK5HA6FF759864,6/16/2014,Stracke-Batz,147
148,1G6DG8EG9A0943610,1/23/2020,Zboncak and Sons,148
149,WVGAV7AX2CW583775,11/17/2020,Barrows-Quigley,149
150,19XFA1E57AE941116,1/11/2018,Strosin LLC,150
151,JH4DB75601S586897,11/4/2016,Bayer Rogahn and Osinski,151
152,W04GU5GC4B1398837,3/19/2012,Tillman Kuvalis and Buckridge,152
153,1G6DM577490520546,5/13/2019,Gislason-Daniel,153
154,5TDBK3EHXCS622495,8/29/2005,Frami Purdy and Schuppe,154
155,JTDKTUD38ED515324,11/2/2006,Gottlieb-Ferry,155
156,1FT7W2A65EE959610,2/6/2015,Bosco Inc,156
157,5UXZV4C54DL944751,2/2/2012,Brakus-MacGyver,157
158,WBAWL73507P524104,10/4/2002,Jenkins Group,158
159,1FTEW1CM0DF096060,8/27/2017,Mohr Kuhn and Wilkinson,159
160,1B3CB1HA4BD703222,6/29/2010,Pfeffer Yundt and McLaughlin,160
161,3GYVKLEF9AG747148,11/4/2009,Purdy-Wolf,161
162,WBANV93519C500681,6/24/2008,Lakin-Lehner,162
163,3C4PDDBG1CT813908,5/26/2001,Gleason LLC,163
164,1N6AA0EJ6FN221744,2/18/2012,Hartmann Smith and Ward,164
165,5TFCM5F15AX900254,3/11/2003,Nitzsche-Schinner,165
166,5TDDK3DC4CS484919,5/19/2020,Kunde Koelpin and Klocko,166
167,WAURD68D32A482107,7/20/2009,Maggio-Ryan,167
168,WBAVB73518F872029,6/2/2006,Stroman-Upton,168
169,WP1AE2A27FL321005,7/15/2001,Lemke LLC,169
170,WAUAF98E46A607199,5/21/2004,Skiles LLC,170
171,1G4CU541424165994,3/22/2001,Gutmann-Steuber,171
172,1G6DN57S050659259,12/18/2003,VonRueden-Stehr,172
173,WA1LMAFE9FD040163,5/20/2000,White Kuhn and Block,173
174,4T1BK3DBXCU399119,12/20/2005,Daniel Marks and Gerlach,174
175,KNADM4A32E6232445,3/6/2005,Marquardt-Leannon,175
176,JTHKD5BH3D2171606,5/6/2007,Adams Mann and Leffler,176
177,WAULC68E12A995678,5/11/2008,Russel Inc,177
178,WBAUN1C56AV080695,1/13/2017,Ebert Klein and Wisozk,178
179,WVWAP7ANXEE881514,11/23/2001,Block-Parker,179
180,1N4AL3AP1EC856315,6/24/2004,Batz-Marks,180
181,1G4HB5EM0AU109716,8/3/2014,Paucek-DuBuque,181
182,4USBU33517L125520,9/27/2004,Bruen and Sons,182
183,3VW1K7AJ9FM953310,8/23/2014,Stehr LLC,183
184,SALFR2BN4BH933904,2/24/2010,Harris-Will,184
185,5NPEB4AC2BH564805,5/17/2003,Schmeler Fisher and Kshlerin,185
186,5N1AA0NE3EN369608,4/28/2011,Jaskolski Inc,186
187,SCBLF34FX4C255581,5/31/2015,Cartwright Sporer and White,187
188,1FTEW1CW3AK130545,1/7/2019,Barton LLC,188
189,1GD02ZCG2CZ682320,7/29/2003,Lesch Wunsch and Greenholt,189
190,WA1WMAFE1FD548107,4/24/2007,Jacobson LLC,190
191,3C6TD4KT9CG110410,12/7/2020,Brekke LLC,191
192,3VW467AT2CM072530,1/16/2002,Bartell and Sons,192
193,1G6AA5RX1F0517253,7/6/2000,Volkman Inc,193
194,WBAEV33443K987571,3/1/2009,Mann-Sawayn,194
195,1N6AA0CJ7EN434848,1/4/2012,Waters Sipes and Larkin,195
196,3D73M3CL8AG881638,2/25/2015,Weber and Sons,196
197,19UYA42773A231107,9/22/2019,Ondricka Cassin and Streich,197
198,WBA4A5C57FD524070,2/16/2002,Doyle-Boyer,198
199,SCFFDABE0BG018443,2/25/2011,Lesch Keebler and Kreiger,199
200,5TDBM5G13AS953440,3/27/2009,Ratke LLC,200
201,5UXFE83557L848447,7/30/2015,Bosco Shanahan and Satterfield,201
202,2G4WD582X81858265,5/15/2019,Bayer LLC,202
203,WAUEH78E88A029756,11/3/2012,Hickle Miller and Heller,203
204,WAUNF98P38A963214,3/24/2017,Rogahn Rice and Schulist,204
205,WAUDK78T18A549423,11/18/2001,Hyatt-Schowalter,205
206,1G6DJ577090922234,2/21/2012,Bradtke Jerde and Dickinson,206
207,WBASN2C51DC644301,12/3/2015,Herzog Larson and Jacobson,207
208,WBAPL5C54BA726092,11/10/2018,Jaskolski Blick and Cassin,208
209,1N6AF0LY1FN219546,1/28/2000,Buckridge Inc,209
210,WAUSF78K39N563210,12/10/2015,Dooley Group,210
211,SAJWA4EC9EM233572,6/21/2020,Leffler and Sons,211
212,1HGCP2F33AA775959,1/21/2017,Pfeffer-Schaefer,212
213,WAUCFAFH1BN869322,3/20/2020,Bayer Deckow and Rolfson,213
214,JM1NC2PF4E0488847,3/2/2020,Macejkovic-Murazik,214
215,WAUVVAFR2BA146588,3/16/2007,Barrows-Gusikowski,215
216,1G6DA67V580088710,4/4/2018,Blick LLC,216
217,KMHHT6KD6DU303114,3/17/2017,Leuschke-Greenholt,217
218,3VW8S7AT3FM702296,6/1/2004,Kertzmann LLC,218
219,JH4DC548X3C376941,8/15/2005,Wintheiser-Maggio,219
220,3C3CFFCR9CT258084,4/15/2013,Kutch and Sons,220
221,5XYKT3A18CG749717,6/19/2019,D'Amore-Terry,221
222,SCFEBBBKXBG450065,3/6/2010,Thompson-Franecki,222
223,WBAGL83585D569624,2/19/2001,Davis Walsh and Hodkiewicz,223
224,WBA3B1G55EN113139,12/29/2012,Weimann-Hyatt,224
225,1N6AA0EC7EN078772,12/13/2012,Robel-Cremin,225
226,WBA3T7C53FP364883,10/24/2016,Romaguera and Sons,226
227,KNAGM4ADXF5796146,12/9/2018,Ledner Brekke and Rice,227
228,JTHKD5BH0C2298876,4/29/2004,Huel Group,228
229,1G6YV36A595468749,11/23/2016,Tromp Wisozk and Lindgren,229
230,WBAPT73559C994532,3/6/2009,Osinski-Gerlach,230
231,WBABS33492P473793,10/7/2004,Stark Crona and Kautzer,231
232,1HGCR2E30FA418127,4/30/2003,Kuhlman-Bins,232
233,WBALW7C57ED085556,7/29/2004,Thompson LLC,233
234,WAUWFAFL8CA075878,1/12/2015,Veum Schuppe and Dickens,234
235,1GYS4JEF0ER317127,6/8/2020,Runolfsdottir-Murphy,235
236,JTHFF2C25E2731728,5/6/2014,Hamill and Sons,236
237,1G4HR54K224741906,12/26/2002,Connelly Kautzer and Bode,237
238,WAUED64B61N419030,7/30/2011,Bartell Johnston and Kemmer,238
239,WAUKFAFL9BA698178,12/28/2005,Yost Hauck and Zieme,239
240,WAUAC48HX3K106412,10/15/2003,Mayer-Goyette,240
241,WDDGF4HB4ER585913,8/23/2001,Veum Rodriguez and Bins,241
242,1G6DP57V680377829,6/16/2016,Kshlerin-Schiller,242
243,WAUJT54B32N294050,10/28/2007,Marquardt Inc,243
244,WAUBF78E07A084838,6/2/2006,Pfannerstill Rowe and Morissette,244
245,WA1YL54B55N792749,6/24/2011,Greenholt Donnelly and Oberbrunner,245
246,1G6DH1E32E0822909,3/21/2017,Orn LLC,246
247,19UUA8F25AA853402,5/25/2006,Sipes and Sons,247
248,WBA3A5G50FN772824,12/25/2012,Mitchell Lesch and Lubowitz,248
249,WAUGL78EX8A609047,7/8/2018,Parisian Group,249
250,1G6DX67D180386113,8/31/2015,Feest Inc,250
251,SCBLE37G05C271569,2/26/2018,Blick-Glover,251
252,2HNYD18231H864017,9/16/2004,Turner Romaguera and Lehner,252
253,1G4GG5E3XDF545521,6/18/2009,McClure LLC,253
254,WAUEL94F95N096167,12/2/2006,Muller and Sons,254
255,3GYT4LEF6CG946212,11/14/2015,Monahan-McCullough,255
256,1GD22XEG1FZ719002,9/29/2006,Rodriguez Group,256
257,WBABD33464P709295,5/6/2015,Kohler-O'Keefe,257
258,WAULFAFR8BA615350,10/26/2012,Wintheiser Group,258
259,1G6DF577890310719,9/30/2008,Murphy LLC,259
260,1G6AZ5S36E0824867,9/13/2000,O'Keefe Leannon and Stokes,260
261,2C4RDGCG7DR272652,3/18/2015,Harris Inc,261
262,ML32A3HJXEH853246,4/24/2018,Kuhlman-Kemmer,262
263,WAUEG74F56N369521,2/25/2005,Rath Inc,263
264,SCBLE47K08C105776,7/2/2019,Bogan-Kerluke,264
265,5GAKVBKD2DJ850039,11/17/2008,Hodkiewicz Weber and Barrows,265
266,JH4CL96935C745408,5/10/2011,Kuvalis Schulist and Purdy,266
267,KNADM5A30D6330636,6/23/2019,Koepp Lind and Gleichner,267
268,1FTSW3A53AE495122,8/23/2015,Beatty Inc,268
269,3VWPG3AG5AM378351,9/9/2015,Price Inc,269
270,5GAKRCKD6EJ342619,9/16/2015,Bernhard-Hills,270
271,3LNHL2GC0AR289352,6/16/2012,Blick Leuschke and Huel,271
272,WA1WMBFE2DD916006,5/14/2018,Smith and Sons,272
273,WAULT58E74A444653,2/24/2008,Erdman Oberbrunner and Wisoky,273
274,WBSBR93463P659335,5/13/2017,Yundt and Sons,274
275,2C3CDXJG1CH181331,6/27/2018,Denesik McDermott and Trantow,275
276,3C63D3FL1CG772289,4/23/2006,Koch Hudson and Crooks,276
277,3VW1K7AJ4EM124157,1/29/2000,Boehm Goyette and Kulas,277
278,3N1AB7AP7FL927336,9/7/2002,Hartmann-Mraz,278
279,2G4WS52J211027810,3/12/2018,Hamill Kub and Schiller,279
280,3GTXKYEJ9AG256742,11/9/2014,Nikolaus Harris and Shields,280
281,1GKS1HE07BR773662,1/11/2010,Mann Group,281
282,KMHHT6KD7AU403153,12/15/2009,Gusikowski Koelpin and Lemke,282
283,WAUUL78E65A550156,2/11/2015,Swaniawski Inc,283
284,5BZAF0AA3EN269131,9/9/2011,Hane-Runolfsdottir,284
285,4T1BD1EB8EU649957,5/24/2006,Lang Inc,285
286,WAULD64B32N953823,8/2/2004,Tremblay-Muller,286
287,1G6DV57V180684623,12/6/2010,Schinner Williamson and Pouros,287
288,1GKMCAE31AR652080,6/23/2014,Huel LLC,288
289,SCFEFBBC6AG061600,5/24/2021,Quigley LLC,289
290,YV1672MK2D2064980,9/6/2002,Smitham LLC,290
291,1C4AJWAG3EL651984,12/21/2012,Orn-Hilll,291
292,5GAKVAKD9EJ828678,4/1/2009,Wolf Dietrich and Stehr,292
293,WAUHFAFL5EA242287,3/29/2021,Block Funk and Stracke,293
294,5N1AN0NW3DN411254,11/14/2005,Windler Jones and Wilkinson,294
295,JTDKN3DU6A0592353,6/30/2002,Miller LLC,295
296,SALAK2V69FA736938,5/7/2011,Breitenberg-Bosco,296
297,5GALRBED1AJ837332,9/11/2009,Fadel LLC,297
298,1N6AA0CC9BN070834,8/23/2009,Mueller Inc,298
299,1G6DF8E52E0663972,12/11/2016,Oberbrunner Group,299
300,1FTEW1CW6AK802260,4/11/2012,Gulgowski Moen and DuBuque,300
301,JN1CV6EK1DM370791,7/31/2004,Flatley and Sons,301
302,WAUPL58E05A477450,1/1/2007,Bednar Kuhn and Mertz,302
303,JN8AF5MV2FT171947,12/19/2002,Yundt-Kris,303
304,1GYS4TKJ8FR029765,5/4/2007,Braun Group,304
305,WBALZ3C54CD419877,9/22/2011,Zieme Inc,305
306,3FA6P0LUXDR176098,12/2/2004,Ledner LLC,306
307,1FAHP3DN8AW894534,1/5/2014,McDermott Kunde and Lockman,307
308,WP0AB2A86CU793896,2/27/2001,Considine Schmeler and Borer,308
309,1G6DP8EV7A0574745,5/28/2002,Kassulke Thompson and Hirthe,309
310,WA1AM74L39D607502,1/4/2011,Conroy Bayer and Olson,310
311,SALAC2D45BA739584,7/4/2003,Kuvalis Willms and Goldner,311
312,1GYS3KEF0BR617254,8/7/2004,Blick-Ankunding,312
313,WAUSF98E97A482562,2/26/2020,Jast Lakin and Nikolaus,313
314,5UXFH0C5XBL897726,6/19/2005,Kautzer Group,314
315,KMHCM3ACXBU881079,7/9/2008,Barrows Murphy and Rutherford,315
316,5N1AR2MM3EC664474,4/11/2008,Aufderhar Schowalter and Conn,316
317,WAUK2AFD9FN229451,12/16/2014,Toy-Brakus,317
318,1B3BD1FB1BN431921,1/4/2002,Murphy LLC,318
319,JTHBE1BL4FA269773,1/8/2012,Farrell Hoeger and Schroeder,319
320,TRUUT28N131733294,3/18/2004,Smith-McKenzie,320
321,KMHHT6KD0DU127466,11/6/2019,Schaden Inc,321
322,WDDPK5HA8FF801337,3/3/2011,Swift-Leuschke,322
323,JH4CL96858C559977,1/9/2005,Huels Inc,323
324,1C4NJPBA0CD440556,3/26/2013,Fay LLC,324
325,WAUBVAFA3AN261561,4/21/2003,Swift Bailey and Quitzon,325
326,WBAKF5C56DE113095,12/8/2017,Morar-Breitenberg,326
327,JTJHY7AX6D4222540,9/28/2020,Miller-Botsford,327
328,WBA4B1C5XFD504644,11/17/2002,Wolff Group,328
329,1G6DP577750045394,4/22/2010,McDermott-Koss,329
330,WA1WYAFE5AD947597,12/16/2012,Wolf-Bradtke,330
331,1FAHP2D89FG695739,6/17/2005,Schimmel LLC,331
332,WDCGG0EB8FG653884,3/16/2004,Schaden Inc,332
333,WAUMFAFL4DA600248,9/15/2002,Windler-Conn,333
334,1FA6P8AM0F5568062,1/31/2005,Nienow Inc,334
335,3N1BC1AP6AL774620,4/28/2003,Emard Inc,335
336,WAUSF78K09N245965,10/5/2018,Quitzon Grimes and Crist,336
337,1G6DW677860585511,12/25/2000,Ortiz Inc,337
338,JN8AZ2KR4AT746635,10/18/2000,Hudson Inc,338
339,YV1902FH8D1004601,6/14/2008,Rempel Block and Pfannerstill,339
340,WA1WKAFP5AA456516,2/13/2006,Marvin LLC,340
341,WDDHF2EB8CA746689,7/2/2012,Morar Inc,341
342,SALWR2TF1FA552968,12/21/2012,Barrows-Turner,342
343,WA1WMAFE1FD167891,4/5/2000,Labadie-Schuppe,343
344,WBAWB335X8P240556,11/3/2019,Kuphal Hansen and Cormier,344
345,WAUMK98K59N466882,11/21/2003,Heathcote-Sporer,345
346,1C4SDHCTXCC965114,12/21/2004,Franecki LLC,346
347,5N1AN0NU3FN176842,10/25/2016,Orn LLC,347
348,WBA5B1C58FG627975,11/23/2011,Borer-Walter,348
349,2HNYD283X8H310174,3/7/2020,Wolf LLC,349
350,19UUA9F24CA976116,9/30/2005,Hessel-Davis,350
351,JM1NC2JF6D0847901,2/7/2010,Kassulke Graham and Berge,351
352,WAUGGBFC3DN386829,3/27/2004,Hyatt Paucek and Koepp,352
353,5TDBM5G12AS678806,12/27/2010,Volkman Inc,353
354,WAULV44E67N423445,1/17/2002,Ryan Schuster and Gleason,354
355,WAUCFAFR6FA549113,10/6/2016,Spencer-Bogisich,355
356,WAUXU54B72N130775,11/11/2013,Kovacek Inc,356
357,WAU3VAFR1AA638003,3/7/2014,Franecki Ward and Heller,357
358,WAUPL58E44A700765,6/3/2017,Ritchie-Kuvalis,358
359,WBA3B1G58EN761588,11/10/2000,O'Hara and Sons,359
360,WAUAT48H53K631796,9/28/2008,O'Connell-Roberts,360
361,WBA3C1G54EN013417,10/19/2011,Heidenreich and Sons,361
362,KNADH5A34A6203629,7/27/2005,Gibson Metz and Schmidt,362
363,2FMGK5BC2BB741418,10/22/2012,Reichel Group,363
364,WAUTFAFH2CN610890,4/9/2009,Simonis LLC,364
365,WDDLJ7GB4FA281836,11/21/2005,Cassin Group,365
366,SCBFU7ZA8FC773571,10/18/2014,Prohaska Group,366
367,3N1CN7APXFL641545,11/19/2003,Metz Wuckert and Ullrich,367
368,1GD22XEG5FZ407488,12/14/2000,Marvin-Ferry,368
369,SCBLC37F63C243396,6/8/2006,O'Keefe Group,369
370,JH4CU2E81EC556849,7/8/2019,Schoen LLC,370
371,1G6D05EG4A0325582,9/7/2013,Murray Olson and Kutch,371
372,3GYT4MEF8CG116241,4/10/2014,Emard Inc,372
373,WAUJT58E82A148013,1/20/2010,Cormier-Pacocha,373
374,1D7RW2GK9AS848379,4/6/2009,Konopelski Inc,374
375,2LMDJ6JKXEB015290,10/28/2006,Konopelski-Kohler,375
376,WBA3B9G51FN794903,10/5/2019,Heaney-Mueller,376
377,WBAKG1C55CJ610103,1/16/2019,Kulas-Zulauf,377
378,WBANV13599B327869,2/9/2018,Green-Considine,378
379,JHMFA3F24BS805233,10/3/2002,O'Conner LLC,379
380,WBAYB6C56DD526104,11/21/2012,Zemlak McCullough and Powlowski,380
381,5N1CR2MN6EC242989,8/22/2002,Boyer-Nolan,381
382,1G6DL67A690709915,3/14/2007,Skiles-Heathcote,382
383,2G4GS5EV0C9397452,8/30/2016,Collins Group,383
384,5FNYF3H23EB550178,3/4/2011,Batz and Sons,384
385,WAUBH78E38A711835,11/19/2004,Halvorson-Smitham,385
386,JTHBE1D23E5144663,5/2/2003,Jenkins-Gulgowski,386
387,4T1BD1FK2CU882809,9/16/2006,Stroman-Kulas,387
388,WBA3T7C57FP303262,10/16/2010,Tromp and Sons,388
389,3C3CFFFH8FT216576,4/11/2009,Smith-Block,389
390,1G6DR57V280520026,6/2/2015,Blick Sawayn and Kozey,390
391,1G6KD57998U376203,7/30/2007,Boyer-Hirthe,391
392,2T1BURHE1EC026704,2/10/2004,Hagenes-Kuhlman,392
393,SCFFDCCD4AG855647,4/16/2011,Jacobi and Sons,393
394,WVGAV7AX2AW157761,8/17/2011,Tremblay Schneider and Volkman,394
395,JN8AF5MR8ET947371,10/20/2016,Schowalter Group,395
396,WVWED7AJ5BW569663,7/8/2018,Lubowitz Crona and Torp,396
397,SCFEBBAK8DG478306,7/19/2015,Reichel Leuschke and Boehm,397
398,1G6YV36A075566147,11/29/2013,Reichel Morar and Larkin,398
399,JN8AF5MV6FT387834,6/30/2018,Cormier Koch and Ratke,399
400,1N6AF0KY9FN254224,5/1/2003,Ziemann-Aufderhar,400
401,WAUYP64B11N990235,8/18/2016,Doyle Schiller and Brakus,401
402,3GTU2YEJ5CG183309,5/5/2001,Langosh-Schmeler,402
403,5NPEB4AC1EH533002,1/20/2010,Morissette Jast and Crooks,403
404,2G4WD532151902222,6/13/2003,Reichel-McClure,404
405,2G4GP5EC6B9276133,11/2/2019,Wolf Weimann and Wuckert,405
406,5N1AN0NU6FN493224,12/5/2008,Ritchie McClure and Mayert,406
407,1G6DJ8EY7B0875819,3/31/2005,Kertzmann-Johns,407
408,WBANU53559B768716,10/8/2014,Bruen Gleichner and Moore,408
409,VNKJTUD32FA238594,4/29/2021,Auer-Toy,409
410,4USBT33464L296981,8/23/2013,Willms Group,410
411,1B3CB5HAXAD975800,7/9/2000,Donnelly Considine and Rogahn,411
412,1GD312CG8EF617600,5/14/2017,Thiel-Bruen,412
413,1GYS3GEF5BR807435,6/1/2000,Ruecker Wisoky and Glover,413
414,WBAXG5C58CD903859,7/22/2011,King-Krajcik,414
415,JHMZF1D45ES309580,5/24/2019,Beier-Gottlieb,415
416,KNALN4D74E5505379,12/28/2016,Koepp-Heidenreich,416
417,JH4CU2F68CC399735,4/14/2005,Mertz-Kiehn,417
418,5J8TB18217A149056,8/11/2008,Hansen-Conn,418
419,YV4940BL3D1388051,11/13/2010,Becker Group,419
420,WA1VMAFE4CD717835,1/17/2005,Grant Nitzsche and Wilkinson,420
421,1C3BC4FB8BN592838,9/5/2017,Spencer-Wolf,421
422,4T1BF1FK2DU358796,6/25/2017,Padberg LLC,422
423,1GTN1UEH8EZ385559,4/13/2021,Hane Schowalter and Kiehn,423
424,3C4PDCDG5DT638961,8/29/2018,Bahringer-Abbott,424
425,1D7RW3GK1AS035026,2/1/2005,Lindgren Inc,425
426,1G4PT5SV9D4101124,1/24/2001,McClure-Wintheiser,426
427,WAUCFAFR5CA119830,5/27/2005,Mayer Larkin and Hettinger,427
428,WAUBF78E68A445880,11/14/2003,Pacocha Group,428
429,3VW467ATXDM672231,2/28/2018,Yost LLC,429
430,WAUUL78E36A633898,1/16/2001,Rice Inc,430
431,WAUGL58E95A769226,6/7/2019,Bartell-Upton,431
432,WBAHN83557D444355,2/15/2009,Casper LLC,432
433,JN8CS1MU5FM158883,4/29/2012,Runolfsson Group,433
434,1GD01ZEG5BF344958,2/20/2009,Marvin-Paucek,434
435,SCFEBBAC2AG259572,9/26/2014,Prohaska and Sons,435
436,WDDGF5EB1AF122777,1/26/2000,Senger LLC,436
437,5N1CR2MM3EC621696,3/5/2016,Effertz Shields and Schaden,437
438,5FRYD4H49GB347407,10/31/2002,Bahringer-Mraz,438
439,1G4HK5E90AU614831,6/7/2007,Flatley-Wisoky,439
440,TRUSX28N311577445,3/10/2016,Hand Swift and Ortiz,440
441,4A31K3DT4CE560578,6/12/2001,Graham Group,441
442,WAUSFAFL8AA334820,6/23/2006,Tillman Inc,442
443,WBAKB83589C447385,2/16/2010,Weissnat Wuckert and Waters,443
444,19UUA65506A119029,8/14/2018,Ritchie-Goodwin,444
445,SCFBF03B78G918580,5/31/2010,Greenfelder-Zieme,445
446,WAUFEBFM6BA487698,1/16/2013,Hettinger Prohaska and Leannon,446
447,1G6DL5E3XD0538609,1/14/2005,Harvey-Wisozk,447
448,1GYS4DEF8CR658581,11/29/2013,Wilkinson Boyle and Hayes,448
449,WBA3A9C57CF443783,2/20/2019,Wilkinson Breitenberg and Predovic,449
450,1FAHP2D82FG875970,3/28/2015,Ziemann-Goodwin,450
451,WAUDK78T38A156524,11/25/2017,Windler Inc,451
452,1G6DC1E30C0420429,6/26/2016,Kassulke-White,452
453,SCFEBBCF6CG675764,12/5/2002,Stroman Buckridge and Swaniawski,453
454,WBAVB33576A520222,1/29/2005,Nolan Ortiz and Herman,454
455,JH4DC53816S452896,9/16/2009,Skiles Rogahn and Kris,455
456,3C6TD4KT7CG824164,3/22/2018,Effertz Ledner and Nikolaus,456
457,WP0AA2A98BS868717,2/26/2008,Crist Bode and Raynor,457
458,3VWC17AUXFM780922,4/11/2008,Johns-VonRueden,458
459,5TFCY5F16DX888432,10/19/2013,Schuppe Runolfsdottir and Treutel,459
460,1GD02ZCG8DZ381388,5/3/2005,Lesch-Brown,460
461,1G6KD54Y15U737298,10/20/2018,Kovacek and Sons,461
462,WAUSGAFBXAN368254,12/29/2001,Schmeler-Fadel,462
463,137ZA83351E991714,1/13/2012,Howell-Bruen,463
464,KMHGC4DE0AU193369,10/15/2010,Rogahn-Lindgren,464
465,1G6AC5SX4D0617719,8/23/2010,Reilly Connelly and Denesik,465
466,WBAFR7C54CC374465,11/18/2002,Gleason-Borer,466
467,3C63DPHLXCG194150,2/17/2008,Collier LLC,467
468,3C6TD5HTXCG691249,5/11/2006,Konopelski Inc,468
469,WAUML64B42N706060,3/31/2020,Kassulke and Sons,469
470,JH4DC54853C527782,2/7/2005,Runolfsdottir-Wiza,470
471,SAJWA1CB5CL703348,5/12/2001,Wolff-Hilll,471
472,WAUDH78E37A327187,2/11/2009,Leuschke Trantow and Stehr,472
473,5UXFA93586L209141,12/22/2013,Vandervort Inc,473
474,2G4WS52J221052465,12/18/2003,McClure LLC,474
475,WBAEB53548C584169,12/11/2014,Schumm Harber and Blanda,475
476,WAUDL74F85N655952,3/17/2017,Schiller Emard and Walsh,476
477,1G4GA5ER9CF275640,6/7/2007,Adams Ratke and Rau,477
478,3GYFNAE31DS254278,6/17/2009,Abshire-Lind,478
479,5UXFA13534L896625,11/11/2010,Lemke LLC,479
480,1FTSS3EL2AD256459,3/23/2003,Jones-Halvorson,480
481,3VWF17AT4FM969540,6/10/2006,Bartoletti-Gulgowski,481
482,1B3CB5HA3BD204452,3/3/2012,O'Kon Welch and Hackett,482
483,WBAGH83411D798925,10/29/2003,Reynolds-Brekke,483
484,WAUEFBFL4BN530671,11/1/2014,Hayes and Sons,484
485,WAUKC68D31A422895,12/3/2015,Barrows-Lebsack,485
486,1FADP3E23EL468387,12/10/2006,Schuppe Group,486
487,JTDZN3EU6EJ558619,8/26/2002,Jacobi Effertz and Jacobs,487
488,3GTU1YEJXBG403061,1/10/2007,Wilkinson Fadel and Sawayn,488
489,3VW467AT6CM843443,8/9/2001,Breitenberg LLC,489
490,3VWPG3AG7AM271916,12/15/2007,Murphy and Sons,490
491,WAURVAFA3AN463766,10/29/2005,Barrows Group,491
492,1G4GF5E35DF847589,3/24/2005,Robel Group,492
493,WAUVT64B54N994212,11/22/2009,Walsh-Sawayn,493
494,SCFFDAAE2BG285374,3/24/2014,McClure Kohler and Johnston,494
495,1N4AL3AP2EC515991,1/11/2012,Glover Cummings and Sanford,495
496,2LMDJ6JK7BB473946,1/7/2017,Bailey Inc,496
497,JM3TB2MAXA0927473,7/2/2020,Wolf-Jenkins,497
498,1G4GA5ER6DF253550,2/11/2003,Rohan Franecki and Stiedemann,498
499,1G6YV34A445702553,12/4/2006,Sawayn-Funk,499
500,WBAPK53529A163833,6/12/2000,Kemmer-Greenholt,500
501,5N1AR1NB4CC304926,5/13/2010,Reynolds and Sons,501
502,2V4RW3D12AR850817,4/10/2019,Parker Group,502
503,JN1AJ0HP2BM820307,1/6/2013,Aufderhar-Rogahn,503
504,JTEBU5JR4A5363585,11/17/2002,Olson LLC,504
505,JN8AS1MUXCM799837,4/9/2010,DuBuque-Dickens,505
506,WAUXL58E54A021653,9/23/2003,McClure Lesch and Fisher,506
507,1C3CCBHG5CN095717,9/23/2003,Wyman-Bode,507
508,1GYS3GEF6BR008912,12/7/2006,Turner-Jast,508
509,WBAVT13516A031946,2/20/2019,McClure Ruecker and Trantow,509
510,JN1AZ4EH2DM948756,11/26/2000,Buckridge Bogisich and Muller,510
511,2G4GU5GV3D9698158,5/5/2013,Kreiger and Sons,511
512,SCBLF44J67C152754,11/19/2017,Mante Inc,512
513,3C6TD5LT7CG388338,5/8/2001,Baumbach and Sons,513
514,SAJWA4EB0EL048968,12/16/2016,Bauch Becker and Marks,514
515,3C3CFFCR7FT330145,6/7/2010,Bode LLC,515
516,1N6AA0ED4FN967443,3/12/2012,Wehner-Kuhic,516
517,5N1AR1NBXCC901949,10/13/2010,Brekke Group,517
518,3GYFNGE34ES898572,11/9/2020,Davis-Carroll,518
519,WAUEH48H67K313954,10/19/2018,Nicolas Kovacek and Yost,519
520,3C4PDDDG4ET761335,9/8/2003,Brown Group,520
521,WAUBH64B51N970329,4/16/2014,Reynolds Bode and Sporer,521
522,3D7TP2CT6AG909969,10/9/2012,Crist Conroy and Hammes,522
523,2G4WS52JX21990813,4/4/2017,Hermiston Hand and Weber,523
524,5J8TB2H25AA101802,7/20/2017,Dickens-Keeling,524
525,JH4DC530X3S502474,2/24/2019,Hauck Bauch and Fritsch,525
526,KNAFX6A8XE5812992,9/2/2000,Prosacco and Sons,526
527,WA1CKBFP1AA548103,8/17/2004,Lueilwitz Group,527
528,2GKALMEK8E6078848,3/18/2005,Torphy-Prohaska,528
529,WAULFAFR2BA117757,7/21/2001,McGlynn-Ledner,529
530,2G4WD582691459421,5/25/2004,King and Sons,530
531,5N1CR2MMXEC907092,5/13/2012,O'Hara-Schmeler,531
532,YV4902DZ5C2470249,8/9/2009,Powlowski Mayert and Nitzsche,532
533,3N1BC1AP8BL019938,2/26/2021,Stehr-Simonis,533
534,1G6KF54914U682188,7/26/2001,Dicki Parker and Beahan,534
535,1G6D25EY4B0371286,8/19/2017,Mitchell-Sporer,535
536,2HKRM3H52DH107931,5/13/2005,Howell Hodkiewicz and Corwin,536
537,3GYFK66N16G916274,8/16/2013,Thompson Wisozk and Koepp,537
538,5N1BA0ND5FN684486,6/6/2017,Dickens Mitchell and Wolf,538
539,1GYS3EEJXBR497016,7/6/2004,Langosh-Jacobs,539
540,WA1CFBFP7CA214276,2/4/2020,Sawayn Emard and Kling,540
541,WDDLJ9BB9FA675352,3/12/2021,Kuhn Franecki and Terry,541
542,WBA5B3C51FD967241,1/4/2009,Graham and Sons,542
543,1N4AB7AP5DN171053,10/26/2003,Casper Crona and Simonis,543
544,WBANN735X7C604233,2/12/2015,Nitzsche Group,544
545,3VW507AT0FM990710,4/12/2012,Kub Towne and Conn,545
546,WAUPL58EX5A131499,4/13/2012,Crona Ziemann and Raynor,546
547,1G4GE5E36CF703907,10/17/2003,Gulgowski Mosciski and Pfeffer,547
548,1G6DD67V890863865,9/22/2009,Doyle Inc,548
549,3VW4T7AT0EM006876,6/26/2020,Wintheiser Inc,549
550,1YVHZ8BH1B5209855,8/23/2020,Collins-Hoeger,550
551,WUADUAFG0AN590210,10/25/2006,Leannon Herzog and Altenwerth,551
552,WVWGU9AN0BE242925,3/5/2006,Abbott and Sons,552
553,WAUFFAFL8BN870579,6/20/2014,Fisher LLC,553
554,KNDMG4C76E6805261,3/3/2021,Weber Vandervort and Mitchell,554
555,1HGCR2E55DA753415,7/23/2002,Rolfson Abbott and Daugherty,555
556,WBAYF4C56DD953825,12/31/2006,Becker LLC,556
557,5TDDCRFH3FS810450,4/25/2015,Vandervort LLC,557
558,SALWR2TF8FA713932,12/29/2020,Gusikowski-Kerluke,558
559,WBALL5C57EJ430857,7/31/2001,Halvorson-Leannon,559
560,2C3CA5CV8AH470244,9/15/2017,Kshlerin-Russel,560
561,3D7TT2CT1AG996904,7/4/2003,Hamill Abshire and Rogahn,561
562,5GADV33L26D826247,8/17/2012,Reynolds Inc,562
563,2C3CDZBT1FH431954,6/1/2016,Ziemann Heidenreich and Bernhard,563
564,JM1NC2SF5F0409579,1/13/2012,Denesik Group,564
565,WAUCFAFC1DN825568,5/16/2010,Effertz LLC,565
566,2B3CA9CV3AH541273,7/14/2005,Dare Group,566
567,KNADH5A3XB6427456,12/15/2010,Kshlerin Rowe and Mitchell,567
568,JN1BV7AP6FM464106,5/13/2008,Kshlerin-Waters,568
569,5BZBF0AA6EN646331,1/9/2015,Pfeffer Collier and Mosciski,569
570,19XFB4F28DE586223,6/18/2003,Wiza Greenholt and Hirthe,570
571,5FNRL5H20EB323927,7/17/2010,Thiel Inc,571
572,1D7RV1CT9BS636451,7/20/2018,Brown and Sons,572
573,WAUWFBFL7AA406579,4/15/2018,Quigley Group,573
574,1G6DS1E35D0012478,12/21/2010,Waelchi-McDermott,574
575,2G61N5S3XE9545052,8/4/2019,O'Conner Inc,575
576,JTHDU5EF1C5482175,11/26/2004,McGlynn Kris and Botsford,576
577,WA1MMAFE4AD069986,7/8/2012,Rodriguez-Emmerich,577
578,WBA3N5C56EF849604,3/21/2013,Koepp-VonRueden,578
579,1N4AA5AP9EC712125,2/28/2010,White Quigley and Rutherford,579
580,1G6DH8EG5A0582549,4/12/2014,Wintheiser-McKenzie,580
581,SCBBR93W37C869951,12/16/2016,Weber-Koss,581
582,WAURD68D72A315152,4/17/2019,Prosacco-Cremin,582
583,1G6AH5RX6D0674494,9/16/2008,Williamson and Sons,583
584,2G4GT5GX5E9340629,7/9/2008,Lehner Sporer and Huels,584
585,1YVHZ8BH8A5635069,5/7/2019,Nolan and Sons,585
586,WAUD2AFD4DN583528,6/25/2016,Price-Kirlin,586
587,1G4GC5GR9DF848710,4/29/2003,Hintz-Effertz,587
588,WVGAV7AX4CW754171,4/8/2016,Doyle Satterfield and Torphy,588
589,WBA3B5C55FF424692,8/17/2007,Jerde Inc,589
590,WVGEG9BP4CD567241,8/30/2011,Gislason-Predovic,590
591,WAUVC58E05A488701,12/30/2011,MacGyver-Zulauf,591
592,WAULC58E13A349276,4/14/2008,Zemlak-Ratke,592
593,2C3CCAJG5EH904441,12/1/2001,Borer Group,593
594,WBAEA53578C848018,1/17/2019,Williamson-Hegmann,594
595,1GYEK63N63R730886,8/30/2000,Rutherford Roob and Orn,595
596,WBA3B9G57EN533855,9/26/2008,Blick LLC,596
597,JTDZN3EU6EJ743155,12/29/2013,Kautzer-Abernathy,597
598,3D7TP2CT9BG183607,12/13/2017,Grady LLC,598
599,3N6CM0KN8DK274455,11/29/2005,VonRueden Koss and Thiel,599
600,1B3BD1FBXBN172457,9/6/2007,Bernier-Sauer,600
601,WBAYE8C5XED748522,4/2/2020,Heidenreich-Jakubowski,601
602,WAU4GAFB0BN055174,6/6/2016,Koepp Inc,602
603,JTHBW1GG3E2683628,5/27/2009,Lindgren-Turcotte,603
604,2C3CDXBG9FH362387,8/28/2018,Leannon-McCullough,604
605,5TDDCRFH0FS881458,6/17/2007,Wehner and Sons,605
606,WAU4GBFB9BN237915,11/30/2000,Medhurst-MacGyver,606
607,WBAUN93579V326177,8/19/2009,Hoeger-Jones,607
608,4T1BD1FK4DU889634,5/5/2019,O'Hara LLC,608
609,1FAHP3CN1AW138397,4/27/2001,Kilback Jerde and Labadie,609
610,KNAFX5A89E5621106,3/7/2011,Runolfsdottir Schamberger and Schroeder,610
611,1G6DH8EY4B0895862,5/17/2011,Douglas Walker and Jast,611
612,JN8AZ1MU8EW115192,4/24/2005,Schmidt Abshire and Conn,612
613,SCBGR3ZA9DC232914,10/16/2007,Schowalter Inc,613
614,1G6YV36A785854233,2/23/2021,Zulauf and Sons,614
615,WBA3B5C56DP457370,2/24/2008,Bosco Kunde and Glover,615
616,JH4CU2E88DC713436,1/5/2011,Bartoletti-Ruecker,616
617,WAUMFAFL8DA903260,5/22/2015,Predovic and Sons,617
618,JH4DC53894S419884,3/28/2004,Muller and Sons,618
619,1G6DH577680224897,7/1/2013,Stamm Inc,619
620,5UXFA135X5L666971,9/10/2010,Emmerich-Bogisich,620
621,WAUFGAFC2EN993991,7/29/2000,Nolan Group,621
622,2C3CCAFJ7DH058459,7/9/2009,Kerluke Berge and Robel,622
623,1G6KD54Y11U877751,1/24/2019,Schinner Gislason and Beatty,623
624,WDDLJ6HB3FA623236,12/4/2003,Reinger Inc,624
625,WAUDN94F98N317373,11/28/2011,Zemlak-Hills,625
626,WBAKC8C50AC864775,11/21/2010,Osinski LLC,626
627,1G6DF8E51D0892531,8/11/2003,Schulist-Schiller,627
628,1HGCR2F39EA450569,4/21/2020,Grimes Gerlach and Reinger,628
629,1FAHP2D82FG799604,6/7/2002,Russel-Hammes,629
630,WBAGN63585D138909,1/11/2011,O'Conner McLaughlin and Grant,630
631,SCBZB25E92C866060,6/19/2004,Yost-Stehr,631
632,KNAFX6A86F5352795,11/22/2000,Marvin Group,632
633,WAUKF68E55A813777,1/10/2012,Cassin Thiel and Stamm,633
634,1GYUCAEF4AR171921,1/27/2017,Rogahn-Koelpin,634
635,19UUA9F23CA779079,11/24/2010,Goodwin-Marvin,635
636,1C4RDHAG5EC679338,8/1/2019,Weissnat Dietrich and Sipes,636
637,WAUCVAFR5AA201055,9/1/2020,Ferry-Walsh,637
638,1GYFC43569R001477,10/12/2010,Rohan Robel and Harvey,638
639,5N1AZ2MH8FN183550,9/17/2002,Wilderman-Ortiz,639
640,JTJBC1BA9A2248214,4/13/2013,Hoppe Inc,640
641,5GTMNGEE6A8569365,7/27/2001,Mayert Cummings and Lehner,641
642,SCBLE47K09C898708,3/30/2015,Reilly Group,642
643,ZFBCFABH9FZ160356,2/5/2019,Macejkovic Pfeffer and Smith,643
644,JH4CL95815C558550,6/21/2008,Hoppe-Lind,644
645,WAUDH74F36N204642,11/28/2016,Haley Muller and Carter,645
646,1ZVBP8AM1B5084224,12/25/2000,Schneider Larson and Rippin,646
647,W04GN5EC3B1450961,11/4/2002,Champlin Champlin and Torp,647
648,JN1BJ0HR3FM904132,11/1/2002,Ortiz Littel and Schuster,648
649,WAUUL68E45A331948,6/19/2008,Langosh Hermann and Pfannerstill,649
650,3C6JD7EP2CG575330,9/6/2015,Bechtelar LLC,650
651,1G6DP577170828231,3/15/2007,Baumbach Kuhlman and Ruecker,651
652,1G6DJ8ED3B0820023,11/14/2003,Ratke-Bartoletti,652
653,3VWKZ8AJ9BM748957,4/5/2017,Heathcote Inc,653
654,5UMDU93477L179246,4/6/2013,Nicolas-Beer,654
655,4T1BF1FK7FU669630,3/25/2016,Armstrong-Brown,655
656,WBSWD93538P392235,11/28/2018,Thompson Group,656
657,1G6DH1E32E0339193,3/3/2015,Trantow LLC,657
658,3N1CE2CP3FL255212,1/15/2017,Murray Group,658
659,WAULC58EX2A126233,2/9/2012,Kozey and Sons,659
660,TRUWC28N321256388,11/23/2007,Altenwerth-Macejkovic,660
661,JN1AZ4EH3AM617549,12/15/2006,Mayert and Sons,661
662,3GYFK62847G866889,4/22/2015,Weimann Gleason and Blick,662
663,1G6AK5SX3E0312572,7/23/2008,Stark-Hagenes,663
664,WAUGFAFC7FN268816,9/12/2017,Oberbrunner Inc,664
665,1ZVBP8AM6E5971838,5/31/2018,Hansen-Rath,665
666,JM3TB2BA8E0429619,6/13/2009,Shanahan Fisher and Hermann,666
667,WAULD64B02N520900,7/6/2005,Koelpin Inc,667
668,3C3CFFCR4FT763387,12/31/2009,McClure LLC,668
669,2C3CDXGJ1DH583967,10/2/2000,Oberbrunner Botsford and Adams,669
670,JTDBT4K33B1995367,5/2/2019,Romaguera-Zieme,670
671,WAUFEBFM5CA871487,6/3/2018,Farrell Fisher and Hand,671
672,KNAGG4A80A5280719,2/26/2002,Schimmel-Runolfsson,672
673,WVWED7AJ8CW124996,4/18/2010,Daniel Inc,673
674,1N4AA5AP4EC981505,3/22/2010,Huels-Homenick,674
675,4JGDF2EE9FA972629,9/7/2006,Dickens LLC,675
676,2C3CCAAG2DH882798,4/13/2013,Waelchi-Schaden,676
677,1FADP5AU1DL990386,7/8/2018,Durgan Inc,677
678,5LMJJ2H52EE769423,9/26/2005,Wilkinson Nienow and Wintheiser,678
679,ZFF60FCA4A0989991,2/1/2009,King Little and Witting,679
680,1G4GF5G33EF137332,2/24/2015,Dickinson LLC,680
681,1GYS3KEF4BR222252,10/20/2001,Ullrich LLC,681
682,WBALW3C52FC005449,10/21/2020,Parisian Inc,682
683,1GKUCFDJ6AR703151,4/14/2016,Labadie-Bogisich,683
684,1ZVBP8AM1B5424634,7/17/2019,Schuppe-Wiegand,684
685,JHMZE2H58DS510187,5/3/2002,Waelchi O'Hara and Roob,685
686,WVGAV7AXXBW794124,6/4/2005,Jacobi Ledner and Jast,686
687,3LNDL2L39BR711009,10/10/2003,Towne Group,687
688,5YMGY0C56AL285826,9/28/2000,Bergnaum-Connelly,688
689,2C3CDXHG3EH301042,10/12/2013,Price and Sons,689
690,4T3BA3BB1AU117461,8/23/2012,Hessel-Purdy,690
691,WBAWR335X8P632447,2/5/2009,Parker-Mann,691
692,2GKALMEK0D6463562,7/5/2015,Howe Haag and Pfeffer,692
693,5TFBY5F11AX555420,3/31/2004,Hessel Group,693
694,SCFHDDAJ3BA820464,12/1/2008,Hirthe Group,694
695,WAUCFAFH6CN885288,7/7/2001,Shields Weimann and Rodriguez,695
696,WAULVBFR3CA612429,4/20/2001,Rutherford Haag and O'Keefe,696
697,WBA8Z5C53FD713339,5/26/2014,Brown LLC,697
698,3C4PDCDG7ET528494,12/1/2015,Feil Anderson and Berge,698
699,WAUAT48H14K795029,9/19/2002,Jaskolski Marvin and Bahringer,699
700,WUAYU48H78K239248,7/18/2008,Stroman LLC,700
701,2T1BURHE2EC020488,5/10/2014,Koss Langosh and Abshire,701
702,WAUMK98K79A991594,1/10/2021,Pouros Inc,702
703,1FM5K7B89EG327693,4/11/2000,Waters and Sons,703
704,2C3CDXFGXEH722324,7/25/2002,Trantow Bernier and Franecki,704
705,WAUVT58E45A368819,6/8/2015,Tromp Abernathy and Zulauf,705
706,1VWAP7A32EC783889,8/23/2001,Osinski Group,706
707,1C3CDFCB5ED383777,6/6/2008,Nicolas and Sons,707
708,2FMHK6CT7AB172461,6/30/2008,Muller-Raynor,708
709,5FRYD4H45GB214160,6/17/2004,Upton LLC,709
710,WBA1J7C59FV996537,12/4/2012,Gerhold-Dickens,710
711,JM1CW2BL9E0167320,9/17/2007,Jones-Waelchi,711
712,YV4952BZ7E1920450,12/7/2009,Harris Howe and Zieme,712
713,JN1BY1AR3EM320629,4/21/2003,Balistreri LLC,713
714,WDCGG0EB6DG036559,8/10/2018,Larkin-Kub,714
715,2G4GK5EX5F9266412,3/20/2003,Cruickshank LLC,715
716,WA1CFBFP6DA388275,6/26/2013,Herman-O'Kon,716
717,WAUWFAFH2EN358560,10/22/2006,Volkman Stoltenberg and Klocko,717
718,1G6DU6EV6A0288981,12/18/2020,Harris-Strosin,718
719,1FMJK1H53CE779950,2/19/2011,Keebler Group,719
720,2C4RDGEG3FR481502,7/5/2003,Williamson Inc,720
721,WAUEF78E98A257139,10/12/2001,Klein and Sons,721
722,WAUGL58E15A692402,1/17/2010,Corkery-Zboncak,722
723,JM3TB2BA8F0555724,8/13/2008,Kemmer Pfeffer and Hagenes,723
724,2C4RDGBG9DR319097,10/12/2017,Gleichner Balistreri and Huel,724
725,JM1NC2JF8C0118345,10/17/2019,Corwin LLC,725
726,WBAWV53558P079133,12/23/2000,Quigley LLC,726
727,2FMDK3AK1DB644374,3/11/2014,Yost Inc,727
728,JH4CU2F46EC883498,3/18/2013,Vandervort-Kuhic,728
729,SCFAD02A87G093545,10/6/2002,Klein-Schultz,729
730,1N6AA0CA1BN261419,2/25/2021,Williamson-Hane,730
731,WAUKG74F86N851449,11/26/2004,Rice and Sons,731
732,KNADM5A32E6324466,12/29/2003,Reinger Pacocha and Pfannerstill,732
733,WAUHF68P36A498412,7/13/2008,Runolfsdottir Group,733
734,3D7TP2CTXBG495242,1/27/2017,Waters-Renner,734
735,W04GT5GC1B1541634,5/24/2018,Pouros-Gleichner,735
736,KMHTC6AD7FU440870,11/5/2011,Zulauf LLC,736
737,1C4RDJAG2DC395915,5/18/2005,Dare and Sons,737
738,1G6AV5S85E0266162,1/9/2004,Hamill LLC,738
739,1G6DL8E34D0700770,12/10/2001,Feeney-Kshlerin,739
740,KL4CJBSB8DB619793,7/29/2002,Lehner Fay and Dibbert,740
741,5J6TF3H56FL372912,6/23/2000,DuBuque Considine and Hansen,741
742,4T1BD1FKXEU352901,11/1/2011,Cormier LLC,742
743,2GKALMEK3F6872335,3/20/2002,Paucek-Bergstrom,743
744,3VWML7AJ6BM767387,9/15/2020,Heidenreich Inc,744
745,WDDGF4HB4DR264145,6/27/2002,Conroy-Quigley,745
746,SAJWJ0EF7E8620214,5/29/2010,Huel Inc,746
747,YV4952CF5E1047012,8/4/2004,Hessel Inc,747
748,19XFA1E87AE415000,8/29/2017,Kessler-Koss,748
749,JTEBU5JR2C5540735,1/5/2006,Bauch-Cummings,749
750,JH4KB16528C636021,4/17/2003,Nicolas-Shanahan,750
751,1G6DF8E57C0870418,1/17/2002,Fritsch Runte and Murazik,751
752,WAULT58E42A974415,9/17/2000,Ondricka Inc,752
753,1B3CB8HB0AD475171,7/6/2011,Murray-Stracke,753
754,JHMGE8G39CC615792,12/11/2011,Lesch and Sons,754
755,WA1EV74L07D853337,8/20/2017,Borer Kihn and Trantow,755
756,4A4AP3AU6DE567463,10/17/2013,Emmerich-Altenwerth,756
757,WAU32AFD7FN625561,1/25/2010,Shields-Conroy,757
758,WA1CV74L19D942571,9/5/2014,Okuneva Bailey and Franecki,758
759,WAUAVAFD4CN848151,3/27/2005,Steuber Mueller and Larkin,759
760,2FMGK5D80FB559215,4/29/2014,Nitzsche Boyle and Weber,760
761,5N1BA0NC1FN383432,7/30/2017,Dibbert-Witting,761
762,3VWF17ATXFM955674,9/26/2004,Schoen-Romaguera,762
763,WBAVB73518P088282,9/9/2010,Wunsch and Sons,763
764,3MZBM1U77EM154829,4/3/2000,Zulauf LLC,764
765,5FNYF3H49FB060721,12/18/2012,Stoltenberg-Altenwerth,765
766,JN1CV6AP3AM647809,6/5/2010,Watsica LLC,766
767,WAUHF78P27A435163,7/18/2016,Wehner-McClure,767
768,WAUDF78E36A015925,9/19/2009,Macejkovic Inc,768
769,SCFAD05D49G059580,2/6/2011,Gleichner Heidenreich and MacGyver,769
770,WAUDF78E65A874232,12/24/2006,MacGyver and Sons,770
771,JN1CV6EKXBM184275,7/23/2012,Wilderman Rath and Lang,771
772,1G6DU6EA3A0035341,6/2/2008,Bailey and Sons,772
773,1GYUCJEF9AR532642,4/30/2009,Williamson Towne and Simonis,773
774,1D7RW3BK5AS789182,12/14/2018,Powlowski-Kertzmann,774
775,WVWGU9AN0BE108738,11/5/2006,Pagac Group,775
776,WAUBNBFBXAN751087,7/22/2016,Baumbach-Thiel,776
777,WBAFR7C53DC070206,8/26/2018,Auer and Sons,777
778,1G4HP54KX44083146,12/26/2014,Nikolaus Herzog and Hodkiewicz,778
779,JN1CV6FE4DM863101,7/5/2012,Brakus-Aufderhar,779
780,WAUFL44D82N540169,3/10/2014,Bechtelar and Sons,780
781,WAUCFAFH3BN609360,10/19/2016,Mueller-Ziemann,781
782,WDDGF4HB2DG817208,8/6/2014,Treutel LLC,782
783,1C3CC5FBXAN918941,6/15/2002,Hauck LLC,783
784,WBALM7C5XDE552967,12/4/2012,Gulgowski Aufderhar and Hudson,784
785,1D7RW2BK9BS621833,1/13/2007,Mueller LLC,785
786,WAUJC68E55A297148,9/19/2004,Runolfsson-Crona,786
787,TRUWT28N141173318,9/27/2019,Lowe Group,787
788,WA1LMBFE5CD874237,4/30/2008,Altenwerth LLC,788
789,5XYZG3AB7BG189621,8/13/2013,Kovacek Inc,789
790,YV426MDB3F2613590,2/11/2021,Heller Huels and O'Keefe,790
791,2HNYD2H83DH131934,10/17/2007,Wiza Reinger and Yost,791
792,TRUTC28N531624283,3/31/2014,Simonis Goyette and Adams,792
793,WBAWV13507P311712,8/31/2009,Wuckert-Mitchell,793
794,1G4GD5GD0BF462319,4/8/2006,Bruen-Glover,794
795,JTMHY7AJXA4780062,7/11/2018,Cremin Inc,795
796,5GADX23L75D925763,6/26/2002,Ziemann-Kunde,796
797,WAUEH78E68A962930,7/4/2008,Corkery and Sons,797
798,WBA3V7C57EJ874049,6/7/2006,Heller and Sons,798
799,WA1LMAFEXDD694196,3/4/2004,O'Keefe LLC,799
800,WDDNG7BB6AA250062,8/29/2000,Schmidt-Fay,800
801,JN8AF5MR2CT504937,7/5/2009,Batz-Kemmer,801
802,1N6AD0CU1EN343866,4/20/2009,Reichel LLC,802
803,JH4CU2F63CC030913,4/7/2005,Klein LLC,803
804,WBAEP334X2P745623,12/2/2008,Satterfield Reilly and Rowe,804
805,WAUFFAFL8CN503490,4/7/2001,Larson-Grant,805
806,3C4PDDEG8DT278234,5/15/2002,Kuhic Conn and McClure,806
807,WAURVAFAXAN941813,9/17/2016,Rau Pacocha and Mann,807
808,W04GS5EC5B1093744,9/1/2009,Moen Padberg and Ferry,808
809,SCFAD06DX9G395717,7/4/2018,Parker McClure and Hammes,809
810,3VW507AT5FM226528,1/29/2001,Howe Towne and Borer,810
811,3VWPG3AG2AM635062,1/2/2011,Rutherford Boyle and Hagenes,811
812,1N6AF0LX0EN081021,5/25/2011,Davis Gleason and Rodriguez,812
813,WAUXF78K39A176069,4/23/2015,Hickle-Satterfield,813
814,JM3TB2CV2F0588610,5/17/2018,Windler-Wisozk,814
815,JTDKDTB35F1444547,12/28/2009,Gibson LLC,815
816,1C3CDZBG2DN491653,5/27/2005,Bednar and Sons,816
817,WAUMGAFL0BA996561,11/29/2009,White-Lakin,817
818,5FRYD3H65GB930634,3/2/2001,Abshire Group,818
819,SCBCR63W54C577832,2/22/2013,Yost-Pacocha,819
820,4USCK734X2L731187,5/12/2018,Hickle Group,820
821,1G4GC5EG9AF499996,2/25/2003,Jones LLC,821
822,1FTSW2B59AE202574,3/8/2014,Blick LLC,822
823,1FMJK1HT2FE815274,4/8/2016,Legros Group,823
824,1GYFK63868R523999,12/14/2020,Hamill Metz and Gerlach,824
825,JN8AZ2KR2BT376528,5/8/2009,Fay-Davis,825
826,4T1BF1FK2EU647937,3/10/2012,White-Bashirian,826
827,1G6DM1E31D0968891,12/15/2017,Nitzsche LLC,827
828,5UXZW0C55BL270273,1/21/2006,Dooley-Zboncak,828
829,1FTSW2A57AE766578,8/26/2000,Daniel Inc,829
830,WBANE73536C236119,4/6/2016,Ritchie-Corkery,830
831,1N6AD0CW6EN776245,11/9/2012,Gislason Stokes and Schimmel,831
832,1N6AF0LY4EN574984,6/17/2020,Kohler Group,832
833,1GD21XEG7FZ273523,7/21/2001,Jerde Schmidt and Stoltenberg,833
834,1GYFC56299R106487,2/1/2001,Hegmann Kling and Wehner,834
835,WAUEV94F67N837081,11/12/2015,Jast-Schiller,835
836,WAUKGAFB8BN342236,8/25/2010,Gleichner Group,836
837,WBA3X5C53ED442359,8/3/2007,Donnelly-Schuster,837
838,WAUFEAFM1BA819394,8/2/2008,Schmitt Group,838
839,KMHHT6KD1CU002426,8/4/2016,Douglas Group,839
840,SALAB2D42DA867089,2/2/2006,Windler Group,840
841,3N6CM0KNXEK733843,8/11/2019,Stokes and Sons,841
842,1FTEW1C89FK510093,12/13/2001,Sporer-Hyatt,842
843,WAUEF78E78A726549,12/21/2015,Maggio-Morissette,843
844,WDDUG7GB4FA422911,7/5/2011,Predovic Inc,844
845,JN1AZ4EHXFM287349,1/6/2002,Muller-Von,845
846,WP0AA2A84CS292374,3/24/2014,Hessel-Mosciski,846
847,3N1AB6AP0CL404522,7/8/2002,McGlynn Block and Rath,847
848,W04GP5EC4B1232683,8/31/2018,Greenfelder-West,848
849,5N1AT2ML6EC486939,3/22/2000,Cremin Ratke and Grimes,849
850,3D7TT2CT1AG710517,4/18/2011,Jenkins Blanda and Bayer,850
851,JTDKDTB39C1737895,3/19/2009,Bartell-Trantow,851
852,WAUEFAFL3DN578739,12/22/2008,Vandervort-Goodwin,852
853,1G4PR5SK0E4563402,3/26/2019,Larkin-Windler,853
854,3MZBM1K79FM507222,6/9/2009,Hills Nitzsche and Runolfsson,854
855,1G4GA5GC7BF905906,7/6/2019,Schneider-Considine,855
856,3D7JV1EP8AG216022,2/23/2016,Funk Will and Hoppe,856
857,5GAKRCEDXBJ804235,1/6/2016,Kuhlman-Cummings,857
858,1FTMF1CWXAF842717,10/15/2006,Donnelly Schulist and Murazik,858
859,3D73Y4EL9AG226105,1/9/2016,Olson LLC,859
860,1N6AA0EC8EN999091,7/7/2010,Grant Considine and Cummings,860
861,WAUMR94E29N953422,2/21/2008,Rice and Sons,861
862,1G6DW67V890543603,1/27/2004,Ward and Sons,862
863,WBALW7C52CC552076,1/14/2007,Pollich Altenwerth and Legros,863
864,1FAHP3EN4BW712201,4/29/2016,Pfeffer-Johnston,864
865,1G6DT57V590802583,6/28/2018,Stoltenberg Emmerich and Lemke,865
866,WAUGFAFRXAA219095,9/28/2014,Gleichner Inc,866
867,3GTXCYEJ8AG715675,1/24/2019,Braun-Greenholt,867
868,1B3CC1FB0AN183683,2/4/2020,Trantow LLC,868
869,4T1BF1FK5EU217920,4/21/2005,Gulgowski Kovacek and Hyatt,869
870,WVGEF9BP2DD711308,9/27/2010,Simonis and Sons,870
871,WAUDK78T19A582360,1/24/2001,Hoppe and Sons,871
872,JTHDU1EF2C5688758,5/4/2007,Hudson Inc,872
873,SCBDU3ZA5CC226754,1/11/2000,Kuhic LLC,873
874,SCBBR93W778105782,4/28/2005,Lueilwitz Leannon and Schinner,874
875,1G6DP577860000157,12/23/2014,Wisoky Emard and Schaden,875
876,WAUDV94F59N308848,10/9/2002,Dickinson-Hodkiewicz,876
877,WAUVC58E74A754732,6/10/2014,Swift-Spinka,877
878,JTDKDTB39E1976740,10/10/2014,Bernier Inc,878
879,2G4GR5EK7C9503963,7/28/2003,Crooks-Berge,879
880,4T1BD1FK0EU069178,7/12/2017,Kihn-Kihn,880
881,WAUPEBFM9DA635835,2/26/2006,Hodkiewicz-Lang,881
882,3N1AB7AP3FY877232,8/20/2007,Rau and Sons,882
883,JH4KB16537C358227,3/20/2009,Windler Inc,883
884,1D7CE2GKXAS971200,12/11/2007,O'Reilly Group,884
885,YV1672MK2B2838206,10/28/2005,Russel Konopelski and Daugherty,885
886,WDDGF4HB6CA837043,1/4/2005,Shanahan-Oberbrunner,886
887,2HNYB1H67DH889886,8/4/2018,Johnson-Welch,887
888,WAUHFAFL6CN631445,6/6/2016,Schinner Boehm and Abshire,888
889,4A4AP3AU8FE401125,8/10/2012,Hermiston-Kilback,889
890,3VWKZ7AJ1BM088231,6/22/2010,Aufderhar-Heaney,890
891,1GYS4JEF7ER522976,9/29/2011,Turcotte Inc,891
892,WA1DGBFE6BD925545,5/18/2014,O'Connell McLaughlin and Lueilwitz,892
893,1C3BC5ED5AN479565,6/8/2014,Collier Quigley and Renner,893
894,WAUVT54BX2N577837,1/29/2021,VonRueden Bahringer and Huels,894
895,2G4GV5GV6C9597269,8/5/2018,Hirthe LLC,895
896,1C6RD6HT5CS613986,4/27/2000,Huel-Quitzon,896
897,1GYEE437890926757,2/11/2012,Hamill and Sons,897
898,WBAXG5C55CC575628,3/25/2005,Wilkinson Roob and Bernhard,898
899,1GT020CG2EF216231,12/28/2009,Stanton-Hoppe,899
900,1N6AF0LYXFN726851,12/1/2012,Luettgen-Kuphal,900
901,WAUAC48H94K192653,2/21/2000,Jaskolski Group,901
902,1G4HD57278U659432,10/1/2016,Corwin Friesen and McGlynn,902
903,JN8AZ1MU5EW909521,12/13/2014,Wintheiser and Sons,903
904,2G61R5S3XD9098600,4/23/2004,Miller-Swaniawski,904
905,1G6DV5EP9C0578756,6/29/2008,Pfannerstill LLC,905
906,WDDNG7DB6DA138282,8/5/2009,Swaniawski Johnson and Marks,906
907,WBAEN33402E431352,12/9/2006,Harris Inc,907
908,SCFAD01A05G221064,10/29/2009,Hammes and Sons,908
909,1VWAP7A34EC336612,11/30/2016,Ward-Windler,909
910,4T1BD1FK9FU710054,9/22/2006,Howell Schaefer and Cummings,910
911,WBABS334X2P733358,8/5/2013,Welch-Satterfield,911
912,5J8TB2H24AA200191,1/2/2008,Hammes-Rath,912
913,JH4CU2F62BC318825,9/11/2003,Padberg LLC,913
914,5GAEV23D09J010991,12/18/2006,Schmidt Inc,914
915,WAUDL64F35N273953,1/8/2010,Turcotte Dibbert and Bogisich,915
916,1N6AD0CU2BC903725,8/20/2008,Zieme Moen and Hayes,916
917,1D7CE2GKXAS925429,10/4/2017,Gusikowski and Sons,917
918,WAUBVAFB0AN295790,11/29/2010,Lehner-Sipes,918
919,WAUDGBFLXAA327234,8/20/2011,Herman Beahan and Schneider,919
920,WBAUN935X9V752039,11/4/2015,Bernier LLC,920
921,SCBGC3ZAXEC826415,12/31/2015,Lind and Sons,921
922,5UXKR6C55E0355857,2/8/2015,Rogahn LLC,922
923,5N1AN0NU4DN782695,7/31/2002,Pfeffer LLC,923
924,1G6AZ5S32E0239638,2/19/2008,Gottlieb-Hilll,924
925,4A31K2DF8BE915142,8/8/2018,Halvorson and Sons,925
926,WBSKG9C56BE293191,2/27/2000,Goodwin-Konopelski,926
927,WDDGF4HB4EG686168,6/5/2008,Prohaska Group,927
928,1G6KD579X6U302995,7/3/2003,Howe LLC,928
929,1C3BC7EG8BN034132,2/25/2009,Dare Schulist and Hammes,929
930,WAUFFBFL7BN013241,12/5/2013,Howe-Nienow,930
931,2C3CCAEG9EH138725,11/4/2008,Ferry Lesch and Harris,931
932,2HNYD28218H755989,10/16/2014,Lindgren Group,932
933,WAUAH74F69N713180,2/13/2002,Oberbrunner LLC,933
934,WBANN735X7B872687,11/10/2007,Hane Hartmann and Feest,934
935,3MZBM1K77FM180383,4/16/2019,Kerluke and Sons,935
936,1GYFK43549R308908,10/12/2007,Jones Inc,936
937,WBAFZ9C55DD243830,9/10/2010,Cremin-Jenkins,937
938,2G4GW5EV7B9867642,5/10/2002,McKenzie Goldner and McKenzie,938
939,WAUAFAFL1AA732026,1/14/2001,DuBuque Stanton and Spinka,939
940,1C3CDZBG9EN306113,9/17/2006,Collins and Sons,940
941,WBAKF9C54BE141093,8/12/2017,Fadel Inc,941
942,WAUVT68E74A504350,8/15/2001,Lockman Tremblay and Turcotte,942
943,WP0CA2A85AU601599,6/8/2016,Nienow Gaylord and Hand,943
944,5GAEV13718J934813,3/30/2020,Borer-Erdman,944
945,WBAWC73579E645047,4/27/2005,Prohaska Ferry and Mann,945
946,5GAKVAED6CJ914636,9/1/2005,Moore and Sons,946
947,4T1BF1FK1FU063353,2/2/2019,Dach-Rutherford,947
948,3N1AB6AP8CL651559,8/25/2015,Koepp-Lesch,948
949,WVWAA7AH6BV898978,9/9/2002,Ryan-Hills,949
950,SCFAD01A68G446030,3/9/2015,Emmerich-Beahan,950
951,1GKKRNEDXEJ381952,9/16/2016,Conroy and Sons,951
952,JM1CW2CL7F0495237,10/26/2018,Douglas Rohan and Douglas,952
953,1G6KD57Y29U923952,10/5/2014,Koss-Gusikowski,953
954,WP0CB2A83FK618806,10/7/2004,Considine Green and Homenick,954
955,WA1WMAFP6EA594078,2/19/2002,Schiller Kris and Hermiston,955
956,JN8AZ2KR0BT225347,2/2/2014,Gutkowski Group,956
957,JH4KB2F53BC062462,11/6/2007,Blick-Cruickshank,957
958,4USBT53413L882689,9/17/2014,Cole Bergstrom and Monahan,958
959,KL4CJGSB7DB351039,12/16/2004,Kutch Marks and Gleason,959
960,1GKS1EEF4BR357880,6/9/2002,O'Hara Hand and Harvey,960
961,WAUXU64B52N358876,2/16/2003,Krajcik-Fritsch,961
962,WAUNF98P47A049164,6/17/2012,Welch and Sons,962
963,2C3CDXBG6FH249982,9/25/2005,Treutel Lemke and Kunde,963
964,1FTEW1C84AK998197,6/23/2000,Beier Jakubowski and Prohaska,964
965,2B3CJ4DV1AH664491,2/18/2015,Ward Inc,965
966,JH4DC53842C075632,7/10/2018,Flatley-Kessler,966
967,1FTWX3B59AE891861,5/7/2014,Legros Glover and Toy,967
968,1N6AA0CA6FN891426,9/27/2020,Daugherty LLC,968
969,1FTWW3B56AE434833,3/2/2014,Brown Marvin and Jenkins,969
970,1GYEC63N96R067329,5/28/2011,West-Jast,970
971,WDDHH8HB5BA661204,5/31/2018,Sporer-Gislason,971
972,JM1NC2PF9F0818404,4/20/2014,Powlowski-Douglas,972
973,2G4GS5GX4F9981503,12/18/2019,Heidenreich-Feest,973
974,2T1KE4EE6CC346053,7/5/2010,Schinner and Sons,974
975,1G6YV36A575234530,6/5/2009,Ortiz and Sons,975
976,WAUSF78EX8A969999,10/23/2012,Halvorson Tillman and Rau,976
977,5N1AN0NW2FN812278,2/22/2015,Rowe-Adams,977
978,WAUHF78P29A967371,7/21/2002,Wyman-Gerlach,978
979,WBABS53423E399111,11/21/2017,Towne Bode and Wisozk,979
980,1G6KD57Y57U014634,4/24/2010,Klein Upton and Beahan,980
981,WBAKA83529C514257,3/20/2000,Goyette-Beahan,981
982,1YVHZ8BH8A5275057,11/16/2012,Rau-Kessler,982
983,JTDKDTB37D1533193,5/25/2012,Stark Price and McDermott,983
984,2C3CCAXJ0DH464758,12/3/2020,Bogan Boehm and Pfeffer,984
985,WBAUP73599V934846,1/3/2006,Batz-Braun,985
986,5UMCN934X2L110665,8/3/2019,Fay-Mertz,986
987,3C3CFFBR0DT731714,8/15/2001,Hoppe-Brakus,987
988,2C3CDXBGXCH692826,5/28/2014,Pagac Ullrich and Kub,988
989,WA1EY94L39D313261,11/22/2012,Medhurst-Lubowitz,989
990,WBAPK73519A587726,10/1/2005,Harvey-Moen,990
991,3VWF17ATXFM634265,1/27/2021,Reynolds-Streich,991
992,WBAAW33481E090020,1/1/2015,Hilpert-Treutel,992
993,JN8AE2KP0B9323186,4/18/2016,Wyman-Smith,993
994,WAUBF98E48A619604,2/8/2007,Schaden and Sons,994
995,WA1AV94L69D230463,12/28/2001,Cole-Braun,995
996,1FTEW1CF3FK386028,8/20/2003,Mertz Simonis and Von,996
997,KMHTC6AD8CU332415,1/23/2009,Fadel-Greenholt,997
998,5J8TB4H36GL992815,7/25/2002,Johnston-Spencer,998
999,1G6DA1ED8B0674676,11/2/2019,Leffler Feil and Beatty,999
1000,YV1902AH7B1023984,3/23/2019,Lesch-Frami,1000
